Rpt.Dist.No,Financial Crime,Other Crime,Property Crime,Public Order Crime,Sexual Crime,Vehicle-related Crime,Violent Crime,Weapon-related Crime,total_crime,shannon_index,normalized_shannon
101,8,6,242,15,25,318,146,39,799,1.4522977690334424,0.6984075964262176
105,2,4,66,5,5,93,40,24,239,1.5228933140242074,0.7323568773152277
109,1,2,2,0,1,8,9,2,25,1.5960983603552275,0.7675610630851641
111,31,38,1185,92,71,927,655,373,3372,1.5575502644377581,0.7490233474798825
112,3,4,60,4,4,19,72,41,207,1.5563284607003256,0.748435784082238
118,10,10,344,45,15,281,123,94,922,1.5440082990668997,0.7425110387184066
119,25,54,776,314,99,170,850,245,2533,1.64921233634965,0.7931034863415138
121,7,4,124,4,12,165,75,20,411,1.4481485014920354,0.6964122205244477
122,3,8,80,23,9,29,94,37,283,1.6853403976200065,0.8104774112854058
123,2,14,95,25,12,40,85,45,318,1.7440560239662,0.8387136589361867
124,6,24,416,25,32,54,121,89,767,1.4503762499180544,0.6974835410599697
127,1,7,89,12,9,12,116,23,269,1.445805736943124,0.6952855889255528
128,8,8,258,21,18,169,143,55,680,1.5530644297173148,0.7468661169780721
129,1,4,113,6,8,254,32,28,446,1.217327317255521,0.5854106945810688
131,5,3,88,7,11,93,79,20,306,1.5667888149404408,0.7534661511449566
132,5,12,227,91,33,209,170,59,806,1.6977773031778942,0.8164582986095288
133,1,1,79,10,11,225,36,34,397,1.2934712696217465,0.622028195405215
134,5,2,224,5,16,147,113,57,569,1.4716604961748998,0.7077190999012398
135,6,12,265,14,14,288,148,114,861,1.5275043724397932,0.7345743276850327
138,12,9,497,21,27,708,273,170,1717,1.4268617215515191,0.6861754432388886
139,9,5,451,19,17,685,98,55,1339,1.2022287634401279,0.5781498250097145
141,38,2,68,8,3,31,95,23,268,1.6444916947287591,0.7908333375894226
142,16,17,344,30,37,357,203,95,1099,1.5909662789697656,0.765093053630416
143,8,2,180,4,9,175,116,56,550,1.4758310768057465,0.7097247252324899
144,2,4,117,22,19,79,104,49,396,1.6709209657544795,0.8035431303371284
145,7,1,131,23,15,89,155,70,491,1.6269460884101203,0.782395684514326
146,8,1,108,2,1,36,77,54,287,1.469319020618162,0.7065930881765504
147,2,8,141,8,22,24,208,114,527,1.4724315292464873,0.7080898884308201
148,5,7,178,10,8,47,211,116,582,1.4776338816952026,0.7105916911237261
151,4,9,96,15,11,35,122,39,331,1.621145928708253,0.7796063973015767
152,33,27,808,139,106,432,800,300,2645,1.6520033244325667,0.7944456678969818
153,27,31,1079,147,54,272,656,319,2585,1.5523570339932733,0.7465259315437318
154,8,9,445,38,32,320,359,222,1433,1.5755817663141587,0.7576946669255035
155,3,10,143,13,160,56,188,134,707,1.6847054340802434,0.810172058368752
156,12,17,371,44,65,47,661,374,1591,1.4640514777628262,0.7040599355248627
157,7,6,296,38,42,78,531,293,1291,1.4777028164241486,0.7106248417209245
158,4,16,254,41,29,150,339,184,1017,1.6222967180308874,0.7801598099845342
159,23,10,470,23,21,968,149,73,1737,1.2210004761782178,0.587177110635126
161,46,7,1034,32,31,262,282,105,1799,1.3121755417839345,0.6310230489691571
162,77,25,1564,66,75,1745,791,311,4654,1.4390962912548622,0.6920590275850297
163,18,15,602,13,26,215,274,126,1289,1.4473372272651783,0.6960220800898185
164,10,9,450,17,37,301,341,161,1326,1.5350586027274726,0.7382071445429554
165,2,6,106,9,9,136,125,96,489,1.579174052770941,0.7594221915443877
166,5,6,333,30,45,45,381,233,1078,1.4802252165206111,0.7118378597576926
171,16,8,244,29,33,260,266,73,929,1.6031796657647321,0.7709664511509351
174,4,7,283,19,10,230,179,92,824,1.5065211835000691,0.7244835468099073
176,9,12,344,17,32,374,214,98,1100,1.5201925903992752,0.731058103788394
181,6,5,252,7,8,73,132,45,528,1.3988235851605393,0.6726919497965436
182,74,41,1192,51,114,1670,720,307,4169,1.4891433465351913,0.7161265737397052
185,18,18,709,25,45,924,404,189,2332,1.4360465517600902,0.6905924129033262
191,4,4,100,6,6,91,72,46,329,1.5783247203118989,0.7590137489688122
192,25,21,640,51,46,826,458,237,2304,1.5330570852318557,0.7372446180878958
195,23,23,410,19,17,462,240,115,1309,1.5157371364937051,0.7289154833702355
201,13,18,325,83,30,210,282,171,1132,1.7074932436920598,0.8211306783419817
202,13,7,215,36,18,132,171,76,668,1.6606110508278096,0.7985851092915638
203,3,8,131,9,12,127,122,64,476,1.594730954431014,0.7669034798365825
204,14,5,462,62,23,507,91,60,1224,1.373255575537302,0.660396336233595
205,13,8,903,28,26,499,126,52,1655,1.1949483050851397,0.5746486646216677
211,9,6,234,16,15,233,151,61,725,1.5233890171555027,0.732595260131652
212,9,16,296,28,31,216,228,153,977,1.6471825473445594,0.7921273641642821
213,0,0,1,0,0,1,0,0,2,0.6931471805599453,0.33333333333333337
215,4,13,188,21,9,188,75,68,566,1.5643187743675702,0.7522783127165317
216,8,12,252,20,22,227,148,59,748,1.5647105965512944,0.752466739356988
217,6,9,187,24,9,240,124,66,665,1.545837159154463,0.7433905345113424
218,12,14,273,48,17,394,160,95,1013,1.5589122433671951,0.7496783208956471
219,7,8,210,11,8,299,132,57,732,1.4378867029592617,0.6914773385731696
221,6,9,189,85,16,163,175,80,723,1.7039023076951298,0.8194038031570082
224,0,0,1,0,0,0,0,0,1,-0,-0
225,0,0,0,0,0,0,0,1,1,-0,-0
226,0,0,0,0,0,1,0,0,1,-0,-0
231,11,7,248,23,30,197,180,68,764,1.6072448465187237,0.7729213898556353
233,23,8,250,25,27,237,240,97,907,1.635272351178946,0.7863997705162337
234,0,0,0,0,0,1,1,0,2,0.6931471805599453,0.33333333333333337
235,8,19,333,28,18,328,227,104,1065,1.5560741992166656,0.7483135101550495
236,17,13,629,45,19,345,322,114,1504,1.4798019046012407,0.7116342897554176
237,31,18,564,50,51,592,428,201,1935,1.590663591279573,0.7649474916205564
238,15,15,245,21,30,336,158,91,911,1.5895722712253681,0.7644226776104817
239,2,3,54,3,7,84,23,12,188,1.4538444334807397,0.6991513848022293
241,6,6,154,22,12,190,119,39,548,1.5552847727808712,0.7479338762870271
242,0,0,0,0,0,0,0,1,1,-0,-0
244,0,0,0,0,0,1,0,0,1,-0,-0
245,25,34,698,43,81,393,671,398,2343,1.619022589952138,0.7785852872037184
246,13,32,414,297,45,145,607,358,1911,1.6850895115244766,0.8103567605767894
247,4,10,170,14,19,67,222,110,616,1.5649522713196446,0.7525829603535904
248,21,13,298,35,36,163,260,117,943,1.6723007546151871,0.8042066685194007
249,42,21,570,37,59,660,309,133,1831,1.549206472845415,0.7450108318957209
251,7,6,314,32,31,126,282,133,931,1.5754169292679312,0.7576153970624545
256,17,22,444,15,34,218,411,214,1375,1.5687462614047596,0.7544074839139161
257,24,12,493,49,64,329,455,205,1631,1.63197847520277,0.7848157510041895
261,12,9,282,38,35,249,279,146,1050,1.6462239418781859,0.7916663723801134
265,17,18,243,29,37,105,392,239,1080,1.6101458961031576,0.7743164998052473
266,5,4,337,36,18,141,250,103,894,1.5255590774570904,0.7336388385434955
267,0,2,0,0,0,0,0,0,2,-0,-0
269,13,18,561,51,47,428,467,230,1815,1.5907700921923968,0.7649987077334834
271,8,10,192,33,19,183,187,82,714,1.6502473314954302,0.7936012137962343
275,14,6,269,19,34,202,279,125,948,1.606007774248713,0.7723264838459135
277,0,0,1,0,0,0,0,0,1,-0,-0
279,3,7,117,18,12,213,103,52,525,1.5381904146481757,0.7397132277186206
281,6,4,152,12,18,99,171,50,512,1.5673995694442824,0.7537598619762542
285,12,5,168,16,13,100,164,72,550,1.616804001074982,0.7775183714801037
289,3,4,83,11,9,162,102,37,411,1.5142174237787462,0.7281846560377531
291,15,6,126,16,13,117,179,70,542,1.642941890976709,0.7900880395269447
292,1,2,36,0,1,43,23,15,121,1.449826073668918,0.6972189622112217
295,2,11,177,25,12,98,158,79,562,1.6186270653394166,0.7783950800712776
299,9,6,188,21,16,175,180,82,677,1.608965490572578,0.7737488447368456
301,2,3,60,5,6,63,51,44,234,1.6211950885970188,0.779630038210821
303,1,3,46,10,3,23,37,20,143,1.6665508952547743,0.8014415706577085
305,4,6,78,12,11,51,60,33,255,1.7221134233131923,0.8281614985540863
307,36,4,73,8,2,56,43,17,239,1.7061993191606408,0.8205084321737275
308,14,6,267,26,23,260,154,80,830,1.5788357203238679,0.7592594880298662
309,2,2,11,0,1,7,8,2,33,1.6543065171947342,0.7955532694890453
311,41,23,319,41,37,312,220,122,1115,1.712721950043223,0.8236451545830109
312,17,5,225,49,22,176,200,99,793,1.6844965418264355,0.8100716024292023
313,7,8,83,8,8,121,71,30,336,1.6050022694042028,0.7718429382283252
314,19,14,263,32,27,291,168,113,927,1.649411342529844,0.7931991880846045
315,3,11,209,36,30,193,148,84,714,1.6622857902943649,0.799390488732624
316,6,12,178,17,15,205,161,86,680,1.6042849975907725,0.7714980033989234
317,16,13,172,22,13,182,178,97,693,1.6670678913249257,0.8016901932132307
318,14,7,150,7,12,157,82,47,476,1.5819257836242597,0.7607454943630357
319,7,8,160,31,16,139,124,73,558,1.6829430721427134,0.8093245414262433
321,10,9,392,30,17,177,158,103,896,1.5220680186734472,0.7319599941452909
325,15,7,176,9,20,217,124,61,629,1.5795002242336407,0.7595790468616265
326,5,17,188,44,21,246,163,112,796,1.674364343302089,0.8051990449077433
327,26,10,199,11,32,214,57,12,561,1.5044515878618265,0.7234882816885947
328,41,20,604,23,82,493,218,74,1555,1.5212121594115335,0.7315484128410036
329,6,8,131,8,29,94,108,58,442,1.6827813151869906,0.8092467527736265
331,14,10,207,37,19,201,147,79,714,1.671530015219518,0.8038360212180842
332,5,7,171,23,17,156,96,71,546,1.6326935959562383,0.7851596513924114
333,13,5,271,23,13,174,162,92,753,1.5737369173876417,0.7568074821263451
334,12,14,257,48,18,232,219,142,942,1.6693430690226183,0.8027843224070981
335,6,8,137,19,9,128,137,60,504,1.6235667995377603,0.7807705900816976
336,11,7,164,15,12,159,111,84,563,1.6304054227705054,0.7840592726898273
337,10,10,174,23,14,197,132,83,643,1.6374118279793064,0.7874286413728927
338,40,8,511,23,38,408,110,69,1207,1.442932650808106,0.6939039265525403
341,11,7,214,23,9,172,87,28,551,1.5069920559024421,0.724709988569839
343,10,2,105,5,3,56,46,20,247,1.5180002683019784,0.7300038197157934
351,68,6,82,2,5,86,73,30,352,1.6966571099793424,0.815919599552066
353,11,4,264,24,14,102,140,56,615,1.5335091880986806,0.7374620336092091
354,10,14,172,32,15,194,141,76,654,1.6731052616621511,0.8045935546284058
355,8,16,246,49,23,200,212,124,878,1.6852789979887315,0.8104478843042214
356,22,16,418,41,47,317,324,198,1383,1.6542672963403566,0.7955344082450087
357,29,17,415,75,35,419,248,148,1386,1.6551106260016262,0.7959399640850581
358,25,5,463,28,53,621,89,48,1332,1.3286885055752597,0.6389641059598651
359,19,8,181,11,15,150,152,57,593,1.6192846314367262,0.7787113025204926
361,10,12,604,83,33,236,420,241,1639,1.5745326025697344,0.7571901258151164
362,28,26,684,37,45,316,466,270,1872,1.583043532753154,0.7612830180714403
363,27,33,852,60,48,420,594,314,2348,1.576984819772898,0.7583693930145119
373,24,19,317,49,20,168,168,98,863,1.6858120897864146,0.8107042472685069
374,20,9,161,15,9,165,119,67,565,1.6446086550132974,0.7908895835969175
375,16,22,323,63,28,181,310,210,1153,1.694508275423836,0.8148862285664261
376,22,32,325,40,27,225,300,214,1185,1.6992122807634558,0.8171483769583543
377,15,15,191,34,15,126,208,110,714,1.69472746831384,0.814991638064895
378,2,4,352,11,26,47,154,47,643,1.303436203338841,0.6268203155573615
379,13,6,246,51,25,173,294,147,955,1.6517773646749319,0.7943370042230551
391,17,13,241,40,28,249,89,68,745,1.6409508412057145,0.7891305469833525
392,16,19,400,86,42,306,324,201,1394,1.69668309542168,0.8159320959083313
393,10,27,499,40,42,330,345,224,1517,1.6167949854870651,0.7775140358987775
394,6,13,134,20,9,146,97,67,492,1.6595294573330883,0.7980649727678665
395,79,40,472,88,111,379,422,223,1814,1.8127069950573151,0.8717277974513078
396,11,19,306,22,33,219,312,159,1081,1.6247672710304768,0.7813478948381212
397,36,32,459,63,40,460,489,264,1843,1.6687989274120316,0.8025226456060531
398,14,16,252,50,25,209,246,108,920,1.6859747709714954,0.8107824803814941
399,1,17,179,13,8,108,137,88,551,1.5923160085778862,0.7657421363678083
401,1,2,24,7,4,46,31,16,131,1.6403983773178554,0.7888648680129243
402,4,1,94,19,8,113,45,36,320,1.5817707543748978,0.7606709410532866
403,0,2,5,0,3,6,6,10,32,1.6764769856131068,0.8062150111028358
404,7,1,128,12,9,184,43,25,409,1.402402623487394,0.6744131034116453
405,0,0,0,0,0,2,0,3,5,0.6730116670092565,0.32365019815155627
406,10,1,97,5,10,162,33,16,334,1.374666047681023,0.6610746299559478
407,8,3,155,25,14,137,104,53,499,1.630320580068827,0.7840184719748383
408,4,2,77,22,8,60,81,45,299,1.6905645670458282,0.8129897057265381
409,10,6,168,17,12,169,136,64,582,1.6004423935242393,0.7696501014552943
411,0,3,145,3,3,141,45,50,390,1.36053132860218,0.6542772669161461
412,13,9,262,43,12,305,195,109,948,1.592895607161266,0.7660208643684577
413,2,2,29,4,4,60,27,10,138,1.527335984242784,0.7344933500794429
414,3,1,35,5,0,36,18,14,112,1.5599240086034085,0.7501648771252568
415,9,2,187,21,12,166,145,90,632,1.5939341508770872,0.7665202983246449
416,5,5,108,16,16,102,86,48,386,1.6783085256259558,0.8070957956674114
417,4,4,114,37,14,100,60,33,366,1.6864306414644523,0.8110017077479863
418,3,1,49,11,4,46,33,17,164,1.6511838818819145,0.794051599328942
421,13,8,247,28,10,226,175,76,783,1.5735534374003717,0.7567192469037661
422,11,7,223,52,15,212,122,72,714,1.6388244627322694,0.788107975090455
423,6,5,146,14,6,167,148,84,576,1.5634294196013365,0.7518506234795862
424,5,7,196,28,22,175,209,100,742,1.6250013769010767,0.781460475964307
426,3,5,153,25,9,87,94,51,427,1.6132857267082072,0.7758264391529595
427,8,8,148,17,26,142,149,99,597,1.6851065188363918,0.8103649393649758
428,6,2,77,12,7,70,60,43,277,1.6715371265784236,0.8038394410588264
429,10,10,164,30,15,165,133,46,573,1.6491380518368433,0.7930677630421
437,11,10,168,29,20,223,112,74,647,1.6492135780728894,0.7931040834841669
438,10,5,216,60,17,216,126,79,729,1.6512395566798066,0.7940783732472159
439,10,5,198,24,15,241,117,67,677,1.560848858796628,0.7506096360543645
441,0,1,19,2,1,18,23,23,87,1.5510798365838467,0.7459117294207932
442,3,0,73,3,10,63,59,24,235,1.5417703960708127,0.7414348348669249
443,8,11,210,15,34,204,113,74,669,1.6268392293446783,0.7823442961663969
445,1,1,78,2,10,59,55,29,235,1.5325002068221183,0.7369768161811937
448,11,6,221,51,15,170,180,103,757,1.6670643427591365,0.8016884867138085
449,11,10,165,33,16,142,130,120,627,1.7158495692118696,0.8251492214711429
451,2,5,109,5,4,109,66,72,372,1.5366979865344534,0.7389955215057704
452,2,0,23,3,1,41,45,16,131,1.4804172886677764,0.7119302269357621
453,5,10,176,24,15,225,179,77,711,1.588318089735825,0.7638195438053688
454,4,5,48,4,6,69,49,35,220,1.652739021957644,0.7947994636206563
455,9,9,264,34,27,192,236,97,868,1.6243312985636313,0.7811382363994938
456,6,5,92,23,8,108,116,54,412,1.6616884756163115,0.7991032410913314
457,7,11,158,58,13,177,181,101,706,1.6984652260955486,0.8167891196034668
459,12,8,159,46,6,136,112,83,562,1.7004788074914678,0.8177574475682398
461,3,7,142,15,4,105,79,67,422,1.5843958278738965,0.7619333345596114
462,1,1,99,10,5,52,41,43,252,1.5395773465139257,0.7403802009602101
463,7,10,160,23,15,143,121,78,557,1.6704774858522318,0.8033298615852261
464,10,12,285,44,25,188,280,127,971,1.6381778333811994,0.7877970121044278
465,1,2,83,20,7,60,65,27,265,1.6262599279433396,0.7820657110800997
466,6,7,219,32,25,183,204,101,777,1.635731601184851,0.7866206230849162
467,14,11,261,36,30,189,265,132,938,1.6619220986065173,0.7992155900011338
468,9,3,130,13,4,129,66,42,396,1.5492046334336804,0.7450099473256584
469,3,3,263,14,16,152,96,39,586,1.42782051293228,0.6866365244289789
471,5,4,194,3,8,213,65,84,576,1.4238728794345352,0.6847381140054977
473,12,21,339,23,23,248,228,82,976,1.5765233117711268,0.75814745457935
477,6,10,213,41,10,247,145,98,770,1.603811203920401,0.7712701568060403
478,5,13,316,60,33,299,258,89,1073,1.6121034609679699,0.7752578895128083
479,7,6,198,62,23,185,120,70,671,1.6844665997254369,0.8100572033223276
483,1,1,4,0,1,7,1,1,16,1.574679441748109,0.7572607405332661
487,2,6,58,9,6,60,52,26,219,1.6721585750781733,0.8041382946150788
488,4,4,72,13,3,84,87,39,306,1.6083824366060973,0.7734684550481747
489,4,14,163,37,19,139,152,34,562,1.6486912807240404,0.7928529115524824
491,2,2,259,5,2,187,88,39,584,1.2902324967825822,0.6204706749006723
497,27,11,698,74,14,521,333,193,1871,1.5211201360023674,0.7315041589356537
499,9,11,284,21,6,266,117,102,816,1.5092211241988915,0.7257819438288691
500,0,0,0,0,0,1,1,0,2,0.6931471805599453,0.33333333333333337
501,22,6,239,12,11,401,141,65,897,1.4294763114059612,0.687432795177876
502,0,0,25,0,5,19,14,5,68,1.4333692056934302,0.6893048816056215
503,14,5,289,50,23,222,182,101,886,1.6366496929260237,0.7870621318856065
504,34,18,558,30,34,383,282,160,1499,1.5727333279406137,0.7563248576202398
505,15,5,112,2,4,147,31,17,333,1.3868718941431375,0.6669444013428627
506,18,4,235,43,15,206,174,77,772,1.6326400510370047,0.7851339017292637
507,17,18,349,38,22,237,214,97,992,1.6196437595411732,0.7788840066322692
508,9,3,90,18,7,109,28,19,283,1.5666314307551916,0.7533904653504322
509,7,6,189,37,17,185,118,68,627,1.6363790117649244,0.7869319617626798
511,10,11,147,40,12,183,154,78,635,1.6831993258648532,0.8094477734176234
512,2,3,46,7,3,45,28,13,147,1.6185773259176195,0.7783711604655564
513,12,12,326,46,23,318,235,118,1090,1.6061569216816762,0.7723982085998792
514,9,12,332,95,17,305,303,129,1202,1.6337108552598631,0.7856488497099573
515,11,19,222,40,15,209,180,100,796,1.6774778177773308,0.8066963096361985
516,10,8,159,34,9,156,130,82,588,1.6706105798455764,0.8033938662666162
517,13,10,194,48,10,146,179,85,685,1.6813134985464089,0.8085408821775258
518,9,5,331,58,16,120,99,41,679,1.498731825338402,0.720737657346059
519,16,9,191,53,10,161,109,64,613,1.6933999651083713,0.8143532439677971
521,26,9,407,32,26,297,147,67,1011,1.5259820661837342,0.7338422531229225
522,16,10,148,51,15,166,184,84,674,1.7232519051876518,0.8287089926055612
523,0,4,43,6,72,50,10,17,202,1.5818373614896677,0.7607029723046754
524,6,8,169,36,11,158,179,55,622,1.6121074538202884,0.775259809668888
525,10,14,236,52,23,189,250,135,909,1.6855183502124351,0.8105629883929425
526,7,19,328,60,21,155,291,144,1025,1.6372372582735835,0.7873446910899807
527,2,1,22,2,2,16,7,3,55,1.5811432848239138,0.7603691919834488
528,6,13,143,71,8,182,160,109,692,1.707820882147622,0.8212882391336631
529,21,31,556,103,30,558,376,244,1919,1.6377379122312614,0.7875854547506285
531,14,7,194,22,18,186,118,69,628,1.6341877812020917,0.7858782026071988
532,4,16,134,37,17,137,152,76,573,1.7177466596826654,0.8260615291425878
541,23,4,270,26,20,207,152,71,773,1.5998087647005546,0.7693453904013963
551,20,9,213,26,23,271,114,73,749,1.6123622976729655,0.775382363656374
555,11,16,184,51,13,231,151,90,747,1.6844125577005227,0.8100312146018798
557,23,19,397,67,37,339,303,141,1326,1.667258520455452,0.8017818664469837
558,13,11,237,49,26,237,158,110,841,1.6882964678240302,0.8118989805600273
559,2,2,45,3,0,22,8,7,89,1.3916917070510462,0.6692622414029469
561,9,1,70,8,4,61,23,13,189,1.5614591195816436,0.7509031094570948
562,14,4,121,58,5,190,78,32,502,1.6090444795880767,0.7737868304238271
563,25,21,512,111,50,467,449,174,1809,1.6592620782962477,0.7979363906310373
564,25,30,475,66,30,384,341,205,1556,1.6599179244797422,0.7982517859765417
565,7,4,225,23,6,133,143,79,620,1.5491619630534035,0.744989427210319
566,15,17,393,66,25,291,310,195,1312,1.6526379521176457,0.7947508593016733
567,9,10,170,87,25,151,160,99,711,1.7713891114784095,0.8518580955382029
569,1,4,124,5,10,60,25,18,247,1.410228850519568,0.6781767230543747
581,11,5,93,13,6,92,28,14,262,1.5748186759877965,0.7573276980489725
583,10,3,99,6,10,92,42,29,291,1.5989136010869605,0.7689149076993574
584,11,7,121,24,15,121,95,43,437,1.7050510767881784,0.8199562443148974
585,19,13,384,103,26,311,290,146,1292,1.6737217243250782,0.8048900105039717
587,16,4,212,68,9,213,181,84,787,1.6526294714963814,0.794746780984926
589,8,4,130,8,17,120,56,25,368,1.5598466692660578,0.7501276847657696
599,0,0,4,0,0,4,1,3,12,1.286057336874379,0.6184628474025112
600,0,0,0,0,0,1,0,0,1,-0,-0
615,11,6,204,38,12,348,55,41,715,1.3984401926078418,0.6725075769517135
621,5,2,86,16,3,55,18,8,193,1.4842955931210078,0.7137952971363403
622,42,16,502,70,51,384,144,45,1254,1.5575400966365045,0.74901845780106735
625,9,6,260,40,30,169,141,56,711,1.621466207951844,0.7797604190603861
626,8,7,163,22,23,139,69,27,458,1.6122615248279937,0.7753339021618083
627,14,2,140,26,20,187,44,8,441,1.4719351720946368,0.7078511910969919
628,29,13,300,45,25,315,109,37,873,1.558964612041521,0.7497035049045632
629,6,6,122,35,13,271,43,19,515,1.387422529936148,0.6672092011855001
631,16,2,128,28,15,67,37,24,317,1.6821770824088642,0.8089561782294445
632,32,18,590,73,53,285,237,97,1385,1.6006264058668553,0.7697385926866792
635,2,8,193,27,15,186,43,27,501,1.454056274299541,0.6992532587018101
636,66,72,1256,75,121,625,855,428,3498,1.6304858177632622,0.7840979345089483
637,22,16,539,44,40,212,312,166,1351,1.5886271136812642,0.7639681529099025
638,21,12,572,36,40,269,267,109,1326,1.526156796630719,0.7339262807060416
639,22,11,568,34,45,332,266,92,1370,1.517149818391798,0.7295948397598129
642,22,7,276,20,24,170,133,49,701,1.5835432018504356,0.7615233081143515
643,56,30,744,70,81,556,378,168,2083,1.631616135641168,0.7846415025079758
644,40,13,526,62,51,375,245,120,1432,1.6259349401815288,0.7819094250026617
645,103,68,1636,253,127,661,998,435,4281,1.6548718146078099,0.7958251200805359
646,58,70,1303,92,110,753,909,524,3819,1.630045163842596,0.783886024766917
647,62,36,885,159,89,470,562,239,2502,1.6879385448992683,0.8117268560171692
648,25,21,580,94,43,344,450,222,1779,1.6482243366081453,0.7926283588990243
649,12,9,236,21,18,140,154,60,650,1.6028166959909502,0.7707918995867258
656,16,15,332,52,17,213,209,119,973,1.6459184417904669,0.7915194578929322
657,13,16,294,41,28,137,253,123,905,1.6586310795921757,0.7976329443973132
659,7,10,220,18,26,153,159,63,656,1.6132755119772253,0.7758215269057156
663,32,27,759,49,60,356,395,210,1888,1.586722414276594,0.7630521861147352
665,0,0,5,0,0,4,8,2,19,1.2805340475238802,0.6158067066840581
666,44,39,831,98,110,548,612,292,2574,1.6749881887890894,0.8054990511712021
667,24,12,312,37,21,274,203,94,977,1.6244091446614237,0.7811756724592397
668,32,21,778,48,27,364,356,189,1815,1.521853675818711,0.7318569170207648
669,20,14,296,15,23,218,212,98,896,1.6052082775098377,0.771942007185786
676,24,18,368,52,28,241,159,84,974,1.644017725927041,0.7906054067761644
677,7,15,241,24,14,160,136,78,675,1.612089812422995,0.7752513259500914
678,27,11,303,27,33,241,256,143,1041,1.6625517686649869,0.799518397291384
679,3,3,133,13,14,103,84,48,401,1.5982442266552346,0.7685930066416412
696,0,0,2,0,0,0,0,0,2,-0,-0
697,0,0,0,0,0,1,0,0,1,-0,-0
699,0,0,1,0,0,1,0,0,2,0.6931471805599453,0.33333333333333337
700,0,1,0,0,0,0,1,0,2,0.6931471805599453,0.33333333333333337
701,34,18,781,63,48,486,261,116,1807,1.5055544707331683,0.7240186562383167
702,32,28,732,100,40,389,313,180,1814,1.6082978971445279,0.7734278001608529
704,0,0,1,0,0,0,0,0,1,-0,-0
705,11,10,309,32,22,143,114,65,706,1.5725611098120016,0.7562420382068732
706,22,14,401,45,20,223,113,57,895,1.534040726916369,0.737717649747982
711,26,8,454,36,23,203,180,84,1014,1.5315330589123526,0.7365117163501186
713,18,6,203,20,16,132,75,33,503,1.5896551023961276,0.764462510983577
714,6,2,63,19,3,39,19,6,157,1.6042183019858345,0.7714659295927591
715,14,6,59,22,2,30,25,14,172,1.7921693800599328,0.8618512923485043
716,0,0,0,0,0,1,1,0,2,0.6931471805599453,0.33333333333333337
717,8,5,94,5,8,91,33,13,257,1.5192999775293603,0.730628847734774
719,17,9,241,35,29,171,65,25,592,1.5813174346055545,0.7604529403255638
721,50,13,1079,64,70,375,321,134,2106,1.451425824618199,0.6979882797982834
722,23,9,1041,40,27,289,239,95,1763,1.2692548502280299,0.6103825593494143
723,23,18,418,31,32,230,151,79,982,1.576062462744727,0.7579258330443549
724,28,10,1231,33,43,147,197,75,1764,1.0972656184351002,0.5276732220847602
725,4,0,119,6,4,50,36,15,234,1.370769010840779,0.6592005513814206
726,13,7,165,9,5,94,51,29,373,1.5180574477561262,0.7300313172207733
727,14,5,200,15,9,164,78,28,513,1.4945519687013484,0.7187275711987576
728,0,0,1,0,0,0,0,0,1,-0,-0
729,3,4,186,15,7,69,39,8,331,1.3104573329880436,0.6301967651994759
732,15,14,345,38,18,156,131,72,789,1.57799865004976,0.7588569423187559
733,7,7,144,7,9,90,49,20,333,1.5081756435139093,0.7252791738956794
734,42,7,587,61,73,325,251,72,1418,1.579103030281647,0.7593880369466889
735,9,10,312,55,22,201,138,44,791,1.5715865077826152,0.7557733537019945
736,8,8,891,12,9,135,67,11,1141,0.8125374759567161,0.39074792903306327
737,15,6,271,14,13,128,74,29,550,1.4425565976804418,0.6937230832250764
738,35,9,179,25,8,78,65,28,427,1.6672714187117519,0.8017880691971171
739,4,2,71,3,3,34,11,12,140,1.4254609765898107,0.6855018273022863
742,19,8,184,20,17,69,45,26,388,1.6095337017286244,0.7740220965425142
743,25,8,271,25,34,284,77,35,759,1.5215028773365484,0.7316882186105758
745,33,17,448,49,30,414,154,70,1215,1.539515206445116,0.7403503179038393
747,8,6,148,14,7,198,46,17,444,1.3910932955654027,0.6689744663086973
749,16,9,363,20,15,247,88,32,790,1.3934656343365104,0.6701153201021591
752,17,7,246,32,18,190,134,68,712,1.6253820868061948,0.7816435587283507
753,20,9,198,26,16,162,100,39,570,1.637873207504858,0.7876505180240531
755,14,11,173,31,5,172,98,45,549,1.6171338434657858,0.7776769921405995
756,0,0,1,0,0,0,1,0,2,0.6931471805599453,0.33333333333333337
758,14,17,251,34,18,186,108,61,689,1.6406905798389553,0.7890053877222997
759,16,15,354,24,11,249,176,64,909,1.514894168509377,0.7285101014600294
762,28,16,346,63,31,281,169,105,1039,1.6832628507876364,0.8094783224479808
763,9,4,183,41,10,195,91,25,558,1.5337971435462363,0.7376005109079377
764,21,8,190,35,9,152,84,48,547,1.654808255110593,0.7957945544233904
765,75,54,929,88,203,520,439,221,2529,1.7158598318016438,0.8251541567336008
766,7,4,78,6,4,49,68,22,238,1.6028831788698708,0.7708238710933
767,12,3,114,14,11,71,73,45,343,1.6875304095296166,0.8115305843925665
768,0,0,0,0,0,1,0,0,1,-0,-0
769,28,13,151,19,7,107,137,83,545,1.7235107900549806,0.8288334899103134
771,0,0,0,0,0,1,0,0,1,-0,-0
772,0,0,0,0,0,0,1,0,1,-0,-0
773,13,8,155,17,5,137,89,47,471,1.6062263646341792,0.7724316036009462
774,6,23,189,15,18,120,133,69,573,1.6680351996270868,0.8021553701767434
775,12,14,180,41,32,129,170,89,667,1.75893983517479,0.8458712591429068
776,4,8,130,22,12,115,107,44,442,1.6457301851318062,0.7914289255769775
777,5,13,119,10,7,69,69,38,330,1.649730773955088,0.7933528021289723
778,2,8,99,19,7,74,81,40,330,1.6642115026557802,0.8003165606239547
779,5,7,98,16,6,97,77,28,334,1.6266228535487182,0.7822402414037968
782,23,22,464,61,33,283,235,149,1270,1.6495864661778428,0.7932834047574412
783,14,14,203,36,17,197,168,77,726,1.67606815781109,0.8060184064886534
784,14,20,198,30,14,180,100,68,624,1.6843926441086714,0.8100216381884764
785,11,16,172,22,18,145,152,84,620,1.6981359520601018,0.8166307722641225
787,3,9,54,2,4,55,35,18,180,1.6247642544227276,0.7813464441564412
788,9,2,84,8,8,73,65,38,287,1.65464605846515,0.7957165543247139
789,10,11,152,17,9,148,132,62,541,1.6335823318675096,0.7855870430230284
800,0,0,0,0,1,0,0,0,1,-0,-0
801,4,1,81,13,8,14,19,5,145,1.4428457028734554,0.693862113434495
802,18,2,154,9,7,147,39,8,384,1.378746443724883,0.6630368856683945
803,12,2,102,17,7,33,14,4,191,1.468948147452905,0.7064147358844453
804,10,3,86,7,8,61,20,10,205,1.5505404144254102,0.7456523221964859
805,16,11,254,37,28,107,87,15,555,1.5743297262527864,0.7570925629296582
806,21,11,222,66,12,47,48,25,452,1.593131798935159,0.7661344486020891
807,18,6,189,25,15,64,41,11,369,1.522282001729721,0.732062898243331
808,14,10,223,58,22,48,53,33,461,1.6194968355433494,0.7788133511245865
809,17,4,89,19,10,47,26,13,225,1.7219651948727321,0.8280902157420961
811,25,11,282,39,22,331,50,16,776,1.4103224584860201,0.6782217389707041
812,9,3,124,5,9,43,13,6,212,1.3262349237642632,0.6377841825228184
813,15,6,138,11,9,75,44,19,317,1.58305167737194,0.7612869348051511
814,7,0,78,8,9,61,10,4,177,1.3954178278075466,0.6710541267153324
815,9,0,99,11,5,58,12,4,198,1.3489454358666018,0.648705630251516
816,11,1,106,0,5,104,17,7,251,1.2483563935466153,0.6003325260772444
817,18,4,647,33,49,121,227,108,1207,1.4051820791924714,0.6757497390656738
818,4,0,33,0,10,16,18,6,87,1.5797650621471164,0.7597064069764301
819,14,1,103,18,11,45,26,12,230,1.6182678747020731,0.7782223458875345
821,0,2,17,17,7,57,18,14,132,1.61943574360355,0.7787839721117242
822,21,9,152,11,17,178,54,20,462,1.5477757950987705,0.744322821332323
823,15,3,189,25,8,118,48,14,420,1.4749703291129033,0.7093107930898493
824,18,8,198,24,14,123,56,15,456,1.5459614191535072,0.7434502909394763
825,10,0,88,3,4,50,10,3,168,1.2680393187969576,0.60979801229353
826,12,3,105,5,4,49,18,8,204,1.4223634300224481,0.68401222227840075
827,28,4,343,16,24,252,70,28,765,1.4033586026203537,0.6748728321964167
828,31,5,195,22,20,74,52,15,414,1.5929202502843014,0.7660327152055895
829,21,6,278,26,21,170,76,23,621,1.500336695587289,0.7215094367958388
831,37,6,468,30,29,337,84,37,1028,1.4016294888248806,0.6740413042304627
832,40,7,402,29,37,320,86,45,966,1.486784715328762,0.7149923118914382
833,44,6,405,50,30,244,140,44,963,1.567758952154886,0.7539326885277107
834,26,5,310,20,41,190,89,16,697,1.4907583775500155,0.7169032394850282
835,45,12,585,25,39,413,180,56,1355,1.4553218949205686,0.6998618935663445
836,34,7,382,22,17,265,88,20,835,1.3940370527282233,0.6703901142621581
837,4,2,69,1,4,45,12,4,141,1.3225622496058997,0.6360179995911277
838,8,3,116,4,10,76,41,7,265,1.447909375487255,0.696297225224033
839,49,11,1204,34,29,176,184,43,1730,1.0938142501725494,0.5260134647925391
841,49,12,414,38,31,314,107,36,1001,1.519926378092209,0.7309300827299846
842,42,12,455,35,38,429,139,53,1203,1.497491295398353,0.7201410885485313
843,0,0,4,0,0,0,1,2,7,0.9556998911125343,0.4595944978287252
847,19,7,262,14,13,145,38,12,510,1.3551231523603076,0.651676483901345
848,13,1,93,4,3,22,17,8,161,1.376309942766985,0.6618651763853675
849,35,19,509,62,31,379,172,53,1260,1.5347763320496832,0.7380714010406104
851,12,10,231,34,10,182,94,51,624,1.5840872842746865,0.7617849564527853
852,25,15,1308,24,21,274,104,53,1824,0.996023428465142,0.4789860202852946
853,48,18,551,47,32,418,214,75,1403,1.5425673525870103,0.7418180899381657
854,3,3,81,7,10,46,31,21,202,1.6167065290668798,0.7774714973525322
855,48,3,509,37,26,284,138,52,1097,1.4675374100237215,0.7057363145867522
857,35,11,382,34,30,262,93,31,878,1.5034000126383775,0.7229825809019308
858,11,9,169,10,16,110,78,19,422,1.5584828215533086,0.7494718126551992
859,39,21,442,43,27,291,179,80,1122,1.6040326989232472,0.7713766733867695
861,1,0,12,1,2,37,13,2,68,1.2850992796682823,0.6180021192758034
871,0,0,13,1,1,25,2,4,46,1.2036911992216068,0.5788531079595672
872,0,0,3,0,0,3,1,0,7,1.0042424730540764,0.48293854524172825
881,27,9,665,44,32,335,192,101,1405,1.4600140029863664,0.7021183205789584
882,19,10,461,26,16,246,99,44,921,1.3843401819718735,0.6657269051447158
883,6,1,170,18,3,59,58,32,347,1.451218807861069,0.697888725781986
884,19,10,699,33,37,218,156,51,1223,1.3295974253522123,0.6394012039781235
885,12,4,266,17,5,248,55,17,624,1.2876180400446666,0.6192133869772025
886,13,2,134,20,9,78,39,17,312,1.5712158307631754,0.7555950957360887
887,10,3,164,22,11,150,39,9,408,1.42467701890588,0.6851248233479951
889,21,15,624,73,22,316,273,78,1422,1.4989590932677503,0.7208469501176002
891,6,1,60,11,3,50,24,11,166,1.5918961882600322,0.7655402454709308
892,8,8,190,15,9,149,59,26,464,1.4815340536167763,0.7124672773536823
893,14,9,205,28,14,169,61,29,529,1.5572735622180125,0.7488902818398058
895,11,9,139,12,35,140,97,22,465,1.6476725756828974,0.7923630179821538
896,3,1,74,0,2,36,13,4,133,1.1980246996493307,0.5761280976821931
897,6,9,175,18,6,256,75,22,567,1.38706064379586,0.6670351707388468
898,17,11,295,26,23,308,122,43,845,1.5065330918387656,0.7244892735103016
899,9,12,175,11,18,181,89,40,535,1.5723475622177965,0.756139343521822
900,0,0,1,0,0,0,0,0,1,-0,-0
901,16,20,264,38,28,202,162,68,798,1.6805499085441484,0.8081736730076814
904,25,58,859,46,42,403,322,131,1886,1.5146892829741896,0.7284115723448411
905,14,14,287,19,26,190,189,85,824,1.6121438695898103,0.7752773219522544
906,40,19,340,44,23,174,215,73,928,1.6719023395431272,0.8040150713698418
909,24,25,429,41,23,321,214,80,1157,1.5799499225396194,0.7597953060336037
911,20,26,434,77,31,317,337,116,1358,1.6470456453077655,0.792061528201092
914,51,57,682,71,65,504,436,185,2051,1.6744352764314543,0.8052331565324
915,24,14,301,59,18,247,206,83,952,1.6602595038776824,0.7984160509443677
916,16,9,168,26,11,190,87,44,551,1.6147789630425782,0.7765445340377835
917,0,0,0,0,0,1,0,0,1,-0,-0
919,11,16,283,21,10,176,129,63,709,1.5521502617030385,0.7464264950911602
921,0,0,0,0,0,1,0,0,1,-0,-0
922,0,0,1,0,0,0,0,1,2,0.6931471805599453,0.33333333333333337
923,43,23,626,41,36,369,392,185,1715,1.5965975891875286,0.767801141405374
926,33,25,539,57,37,395,333,167,1586,1.630920266080365,0.7843068599864839
927,0,0,0,1,0,0,0,0,1,-0,-0
929,6,3,117,18,8,86,58,28,324,1.6086316133149237,0.7735882837155511
931,10,2,165,6,4,121,51,28,387,1.4175865216717558,0.6817150149489591
932,24,8,295,29,18,205,202,83,864,1.6105360603094845,0.774504129127114
933,21,17,277,35,18,176,182,97,823,1.6737123536068144,0.8048855041410488
934,0,0,0,0,0,1,0,0,1,-0,-0
935,24,27,379,98,58,180,344,140,1250,1.7419688150802628,0.837709923633173
936,0,0,1,0,0,0,1,0,2,0.6931471805599453,0.33333333333333337
937,5,6,135,21,11,138,66,23,405,1.5596494148805895,0.7500328254578668
938,9,9,182,18,7,155,68,27,475,1.5107414680722786,0.7265130746843963
939,13,12,245,30,39,189,110,61,699,1.6649688531424722,0.8006807692210766
941,40,23,797,36,24,412,221,91,1644,1.4232960367475356,0.6844607113108618
942,0,0,0,1,1,1,0,0,3,1.0986122886681096,0.5283208335737187
943,32,5,345,34,27,262,207,73,985,1.5933116869164357,0.7662209564349235
944,0,0,0,0,0,0,1,0,1,-0,-0
945,0,0,0,0,0,0,1,0,1,-0,-0
946,26,14,329,35,20,230,152,50,856,1.5853295224962223,0.7623823467600561
948,5,3,157,29,15,139,48,28,424,1.5486551498837249,0.7447457015948015
952,50,41,496,53,43,532,221,75,1511,1.5928921224743708,0.7660191885882901
955,22,1,75,6,4,79,16,14,217,1.5337919191427685,0.7375979985009461
957,1,0,37,1,4,13,11,8,75,1.4440766176224888,0.6944540583025576
958,0,0,1,0,0,0,1,0,2,0.6931471805599453,0.33333333333333337
961,1,0,34,6,3,27,11,7,89,1.5343839433882263,0.7378827019819487
963,32,10,328,40,27,266,113,36,852,1.5609760099853587,0.7506707828508394
964,40,14,886,48,43,498,228,69,1826,1.3937793135696042,0.6702661679268306
966,13,7,239,19,14,185,52,34,563,1.4667460514727844,0.7053557515677514
969,22,12,305,13,24,330,98,38,842,1.4467180164237492,0.6957243026197537
971,23,12,368,27,23,273,108,51,885,1.5033358820222453,0.7229517405946431
974,25,8,438,24,26,292,171,62,1046,1.4892276666955897,0.7161671231654565
976,6,1,55,5,5,62,17,9,160,1.5059848087008734,0.7242256050556215
979,5,4,113,19,10,137,27,10,325,1.4367229816966365,0.6909177069416476
981,23,8,274,18,26,207,73,30,659,1.5095422705564396,0.7259363825813472
983,0,0,1,0,0,0,0,0,1,-0,-0
984,7,1,198,15,7,128,52,17,425,1.3706078955650607,0.6591230713116571
985,41,13,632,43,27,464,156,73,1449,1.438804510017457,0.6919187104702867
989,35,10,512,37,36,355,145,61,1191,1.4896960090833589,0.7163923482455474
991,14,3,212,17,13,128,34,13,434,1.3918270883107722,0.6693273460269589
994,11,6,147,18,4,70,32,19,307,1.5166346511818425,0.7293470967001358
998,18,4,246,10,15,157,48,28,526,1.4202822068049832,0.6830113654734609
1001,36,24,358,52,36,212,228,121,1067,1.725408605899541,0.8297461464128026
1003,27,9,248,45,31,254,205,111,930,1.7015241959349217,0.8182601731426309
1004,27,14,255,36,27,221,194,81,855,1.6892772577077046,0.8123706407938044
1005,16,9,180,17,24,190,135,41,612,1.6214549684208823,0.779755013988526
1006,11,4,125,22,22,133,83,27,427,1.6595125602109597,0.7980568469697663
1007,9,4,118,11,9,123,43,23,340,1.5343588494447278,0.7378706343460015
1008,34,19,595,53,53,518,263,189,1724,1.5988412856918963,0.7688801313454111
1009,2,3,40,2,1,28,11,18,105,1.555590162723044,0.7480807378053971
1011,28,19,339,66,37,326,242,95,1152,1.6830646851880091,0.8093830249386951
1012,16,7,191,18,19,126,102,58,537,1.6570176672369883,0.7968570570627339
1013,0,0,0,0,0,0,0,1,1,-0,-0
1014,0,0,0,0,0,0,1,0,1,-0,-0
1015,43,20,537,62,44,290,237,94,1327,1.6240751800676112,0.781015069438131
1016,0,0,0,0,0,0,0,1,1,-0,-0
1017,18,13,288,56,14,201,114,49,753,1.6104393936586816,0.7744576422945364
1018,20,21,305,48,21,464,149,88,1116,1.545465462173119,0.743211786047443
1019,5,2,44,3,7,74,63,22,220,1.5737353901762547,0.7568067476929136
1021,14,13,236,47,24,192,146,68,740,1.6864368326750974,0.8110046850909512
1022,0,0,0,0,0,1,0,0,1,-0,-0
1023,23,12,318,76,41,302,254,120,1146,1.7026798019096545,0.8188159021456205
1024,22,15,234,32,21,185,185,100,794,1.699682929831908,0.8173747113173726
1025,28,22,483,57,45,337,268,140,1380,1.6504265783322842,0.7936874133037757
1027,20,7,206,29,20,186,92,53,613,1.6433834781169003,0.7903003980527029
1028,18,12,273,28,32,289,168,63,883,1.5999985914686432,0.7694366777803794
1029,22,10,345,60,30,289,229,92,1077,1.6405489717434278,0.7889372886232439
1031,7,3,187,31,8,119,100,40,495,1.568170798170072,0.7541307445956169
1032,0,0,1,0,0,1,0,1,3,1.0986122886681096,0.5283208335737187
1033,18,4,319,39,29,244,202,109,964,1.619914577646644,0.7790142426115176
1034,16,5,225,28,28,146,111,57,616,1.6530310648882787,0.7949399065832408
1035,21,22,291,43,36,256,213,106,988,1.70392311907279,0.8194138113141229
1036,0,0,0,0,1,0,0,0,1,-0,-0
1037,9,15,140,26,45,118,98,41,492,1.7822996743426622,0.8571049671840578
1039,17,10,274,40,30,259,261,132,1023,1.6569201553783577,0.7968101637711091
1041,10,12,228,37,12,175,89,42,605,1.587928155543274,0.7636320250967468
1042,0,0,0,0,0,0,1,0,1,-0,-0
1043,17,6,309,47,31,244,221,102,977,1.639882343130705,0.7886167080253472
1044,15,6,229,12,29,170,124,53,638,1.5925228799518154,0.7658416204695647
1045,33,10,266,35,22,268,118,52,804,1.61142675108149,0.7749324608470266
1046,0,0,0,0,0,0,1,0,1,-0,-0
1047,19,9,267,25,12,329,123,59,843,1.4971307611865907,0.7199677082420712
1048,0,0,0,0,0,0,1,0,1,-0,-0
1049,2,4,145,9,25,187,93,84,549,1.5708626371521306,0.7554252455123793
1053,0,0,0,0,0,1,0,0,1,-0,-0
1061,36,14,333,20,12,117,107,47,686,1.5339061528422244,0.7376529332981819
1063,47,20,768,68,38,288,275,146,1650,1.54694988038716,0.743925640312777
1065,45,16,445,39,40,499,249,85,1418,1.5649717202623912,0.7525923133180074
1067,23,11,425,43,42,224,146,70,984,1.5800864762888838,0.7598609745058965
1068,1,0,27,8,4,18,7,2,67,1.5449513924256946,0.7429645707556829
1075,14,8,293,30,10,187,95,46,683,1.5046971991575901,0.7236063957547229
1077,9,2,173,12,9,96,39,29,369,1.4636894027171672,0.7038858142339287
1078,30,6,246,33,24,118,86,40,583,1.6472165021469825,0.7921436929726388
1079,19,9,321,34,17,155,102,48,705,1.5430082771216498,0.7420301298180092
1083,13,4,169,12,6,62,36,17,319,1.4408479083256767,0.6929013773388966
1087,0,0,0,0,0,0,0,1,1,-0,-0
1088,20,5,277,12,17,117,47,25,520,1.4030569381774538,0.6747277622644886
1089,12,3,161,12,9,68,33,14,312,1.4478980707760736,0.696291788807113
1091,13,10,224,23,9,58,26,18,381,1.394995720015815,0.6708511357760484
1094,17,10,217,15,13,54,24,19,369,1.4115661041822811,0.6788198061302436
1097,21,11,324,72,8,91,48,29,604,1.466842982871068,0.7054023657169549
1098,0,0,19,1,1,6,8,0,35,1.1744786399760025,0.5648048365077978
1099,13,11,208,15,8,47,17,18,337,1.3443154189366722,0.6464790627635021
1101,2,7,241,35,24,582,102,44,1037,1.2728320762301724,0.6121028414205576
1102,16,15,299,15,20,246,95,62,768,1.523005366066935,0.7324107629573492
1105,5,1,105,15,7,86,35,14,268,1.5036250303870673,0.723090791565313
1107,10,7,145,41,17,134,90,59,503,1.7264295161798056,0.8302371004789794
1109,15,8,215,19,9,237,69,47,619,1.4899738304483805,0.7165259520807373
1112,11,6,128,9,11,177,46,34,422,1.5034616824348623,0.7230122378051179
1113,18,3,326,29,10,180,89,28,683,1.4166103776022188,0.681245588879521
1115,13,5,253,18,21,145,83,45,583,1.536299176351657,0.7388037343481115
1116,8,9,68,31,9,62,38,28,253,1.8299189976452694,0.8800050210437778
1117,17,5,172,38,26,170,92,37,557,1.6776569874387852,0.8067824720302179
1118,4,4,108,11,14,99,119,78,437,1.6324731782554183,0.7850536528844456
1119,11,4,127,26,9,123,41,36,377,1.6224809199673975,0.7802483923913093
1122,0,1,9,0,0,17,7,11,45,1.4080432211225216,0.6771256574902614
1123,14,3,339,19,17,165,70,26,653,1.36067081463429,0.6543443455184121
1124,40,16,298,64,37,171,200,130,956,1.777935364063276,0.8550061775850675
1125,3,2,128,44,10,124,61,25,397,1.5904291892451734,0.7648347680696889
1126,10,7,140,16,14,119,78,59,443,1.671675691802296,0.8039060768459332
1127,14,3,132,67,10,109,72,46,453,1.734198673691014,0.8339732754834146
1128,9,7,350,14,18,168,97,47,710,1.4129039259504077,0.6794631624070668
1129,19,8,186,29,12,243,102,46,645,1.5782148516165981,0.7589609132948592
1132,23,6,415,26,33,399,132,58,1092,1.4515089008775794,0.6980282310340913
1133,39,10,323,22,12,264,113,65,848,1.5453702247192709,0.7431659865133184
1134,16,5,223,32,17,219,128,90,730,1.6293109138226984,0.7835329251460909
1135,19,4,278,62,14,222,125,66,790,1.6109593618481226,0.774707694137312
1136,23,11,412,44,24,253,191,72,1030,1.5654847640450051,0.7528390352249861
1137,5,7,128,37,11,112,87,50,437,1.6970584231612793,0.816112590397874
1138,6,8,134,27,7,125,70,36,413,1.625757145846273,0.7818239240007379
1139,7,6,162,19,11,160,90,49,504,1.5825096050834657,0.7610262531376893
1141,19,10,380,45,25,417,94,42,1032,1.4277658033858702,0.6866102146985473
1142,24,11,446,41,33,373,106,55,1089,1.470048900266147,0.7069440860927483
1143,13,5,305,24,23,366,74,38,848,1.375464158243833,0.6614584400062968
1144,16,7,296,21,24,295,52,26,737,1.3782047637297332,0.6627763926541439
1145,16,9,383,47,14,357,94,48,968,1.4295950896987604,0.6874899154625382
1146,5,1,110,18,5,94,48,24,305,1.542165675004305,0.7416249238526306
1147,19,10,181,18,21,210,121,69,649,1.6507849458063624,0.7938597516296652
1148,16,11,230,51,14,249,120,58,749,1.6216536785001865,0.7798505733371882
1149,14,5,221,22,23,195,154,75,709,1.6190819392834481,0.7786138281990389
1151,21,8,534,39,39,246,323,176,1386,1.569993823836803,0.7550074346252189
1152,22,4,275,36,7,214,72,45,675,1.4949692006088655,0.7189282173333827
1153,2,1,62,14,0,85,16,8,188,1.338368890811432,0.6436193872179052
1157,1,0,32,3,1,17,11,2,67,1.3669738885483809,0.6573754833444839
1158,11,5,152,21,7,184,60,41,481,1.5332986072462567,0.7373607656253763
1159,0,1,28,24,4,24,21,10,112,1.6974782489002822,0.816314483901773
1161,6,4,94,23,8,112,72,37,356,1.6555117982254004,0.7961328871443185
1162,148,16,636,89,43,410,391,230,1963,1.7229206376176915,0.8285496865787648
1163,9,5,196,10,10,80,96,43,449,1.5215985047647385,0.7317342056827167
1169,10,5,83,14,5,111,70,42,340,1.6525766576895058,0.7947213829125027
1171,10,8,338,29,11,365,56,44,861,1.3257299334193562,0.6375413335007203
1172,16,4,343,31,16,408,106,40,964,1.3757179620685913,0.661580493846076
1173,10,3,124,3,9,194,45,30,418,1.388573115919937,0.6677625160831431
1174,2,1,44,3,1,44,7,11,113,1.3850069509592393,0.6660475532485461
1175,1,0,13,0,1,31,6,3,55,1.2101633912795224,0.5819655744214458
1176,13,4,118,14,9,182,67,39,446,1.5481336261561731,0.7444949016963198
1177,13,9,276,24,5,262,177,121,887,1.5521675280371316,0.7464347984426837
1178,13,2,95,32,8,79,66,55,350,1.752233324655957,0.8426461093205101
1179,3,5,94,13,6,107,83,44,355,1.6023475527124056,0.7705662893595848
1181,10,6,345,46,28,299,144,73,951,1.5446773170867951,0.7428327683782628
1183,4,8,302,25,16,242,107,57,761,1.469938848680895,0.70689116246732
1184,6,3,195,18,13,221,80,44,580,1.4704198749332724,0.707122487196934
1185,2,1,12,2,2,38,5,9,71,1.4453806135396985,0.6950811477835902
1186,1,13,50,4,4,37,20,14,143,1.6726260452186754,0.8043631002329008
1189,4,6,134,26,6,100,98,48,422,1.628586322829138,0.7831844705350633
1195,2,8,123,54,9,54,200,22,472,1.5210209179715217,0.7314564451486312
1199,1,0,9,7,2,24,6,5,54,1.5842854371860784,0.7618802478603196
1200,0,0,1,0,0,0,0,0,1,-0,-0
1203,16,41,400,58,38,310,411,270,1544,1.6876687680709495,0.8115971207863817
1204,8,18,197,29,18,205,202,115,792,1.6640993405405837,0.8002626220481649
1205,7,16,200,49,20,240,150,115,797,1.686029165031593,0.8108086383950798
1207,4,11,186,13,17,159,227,147,764,1.5908807634732716,0.7650519293695124
1208,22,17,223,27,24,171,347,179,1010,1.6457155314017182,0.7914218786224014
1209,5,3,103,15,8,114,108,60,416,1.6142576954883947,0.7762938573326512
1211,16,24,408,69,35,329,365,231,1477,1.6732684350023503,0.8046720244179759
1213,12,22,477,28,31,312,444,286,1612,1.5815961415777604,0.7605869700477846
1215,21,25,403,47,32,312,430,281,1551,1.6487434392156188,0.7928779944848625
1218,16,20,372,49,29,316,494,268,1564,1.6160588595612904,0.7771600341579159
1219,2,4,70,6,7,93,84,43,309,1.5775159191348833,0.7586247978197638
1231,14,3,247,29,17,241,112,72,735,1.5589104180267874,0.7496774430924624
1232,10,13,444,30,25,194,296,194,1206,1.5613168817938379,0.7508347075400633
1233,8,17,408,41,35,406,372,209,1496,1.5946099456501592,0.7668452869139014
1235,13,13,295,25,20,231,245,157,999,1.6178956208300264,0.7780433296158167
1239,22,25,739,39,55,543,760,389,2572,1.5641198951366935,0.7521826720231578
1241,24,32,759,95,51,328,662,380,2331,1.614521562482227,0.7764207505338032
1242,3,5,197,45,13,192,100,72,627,1.6009873615682921,0.769912175686827
1243,18,19,450,87,33,428,400,244,1679,1.6533206649004453,0.795079174750372
1245,17,31,492,68,31,480,495,308,1922,1.6312599654441204,0.7844702208489782
1248,5,25,300,24,28,249,307,228,1166,1.6247068549682537,0.7813188408536681
1249,14,127,387,60,166,353,673,406,2186,1.7684348996859114,0.8504374199706121
1251,15,20,505,32,32,300,359,233,1496,1.5892373626816063,0.7642616206454028
1252,7,14,189,27,16,161,163,92,669,1.6642305339328036,0.8003257127336159
1253,18,13,321,40,24,292,267,169,1144,1.6417682621635383,0.7895236433707429
1255,11,21,270,35,18,289,231,158,1033,1.6420274631853855,0.7896482927136803
1256,15,56,421,55,64,327,545,331,1814,1.6905514115871731,0.8129833792882173
1257,13,27,287,55,40,290,364,263,1339,1.6949226905370667,0.8150855201093352
1258,16,36,425,88,106,302,529,297,1799,1.7324645737461153,0.8331393496864442
1259,16,33,458,71,45,489,528,354,1994,1.6522201465510717,0.794549937295356
1263,10,14,356,32,32,316,302,189,1251,1.6102686334932845,0.7743755240132698
1265,16,30,509,69,42,447,491,291,1895,1.6424444692308757,0.7898488302316301
1266,10,44,430,91,58,330,584,263,1810,1.6766893040006718,0.8063171146644457
1267,12,55,447,62,59,386,590,409,2020,1.6715666725504326,0.803853649667925
1268,20,29,516,58,51,394,650,414,2132,1.6254119744437245,0.7816579316438333
1269,16,36,590,87,42,505,697,471,2444,1.627657225050961,0.7827376689493711
1273,10,15,493,57,29,431,406,254,1695,1.5899170749523537,0.7645884931528157
1283,9,19,347,46,33,297,322,255,1328,1.6489567689567552,0.7929805844047331
1293,0,2,54,9,12,69,39,44,229,1.6436699040881118,0.7904381398287857
1300,0,0,0,0,0,0,2,0,2,-0,-0
1303,11,8,463,21,27,456,253,153,1392,1.491971096131347,0.7174864338461219
1307,10,14,398,29,36,347,359,242,1435,1.5968712234267821,0.7679327316587036
1309,36,16,675,19,21,823,255,160,2005,1.3986654509199177,0.6726159033016305
1311,5,2,30,1,1,59,12,11,121,1.4219075508708685,0.6837929907479912
1313,28,23,720,50,38,771,426,263,2319,1.5365826704895162,0.7389400662103818
1317,19,20,617,26,10,678,232,129,1731,1.391590160978524,0.6692134080645303
1321,120,28,493,33,50,561,284,155,1724,1.6678022987989882,0.8020433685535046
1322,11,6,183,30,15,161,210,138,754,1.6465067738204366,0.7918023857936101
1323,9,14,278,42,31,302,250,131,1057,1.6384962689585056,0.7879501472471685
1324,7,11,149,24,11,167,142,73,584,1.644092238622773,0.7906412398083696
1325,6,2,127,7,13,145,102,64,466,1.5650945165545849,0.7526513658519365
1326,2,1,45,4,6,46,44,25,173,1.6152824360397497,0.7767866533698637
1327,3,1,153,17,2,123,76,49,424,1.4878528792199017,0.7155059901409727
1331,11,25,683,29,30,427,317,162,1684,1.490600902935184,0.7168275102030671
1333,10,14,515,47,31,411,257,144,1429,1.5414715158439622,0.7412911038598926
1341,7,14,294,6,27,413,202,135,1098,1.4971975316230313,0.7199998180345815
1342,10,15,195,26,24,239,177,100,786,1.656224438791393,0.796475594814483
1343,9,18,225,59,22,249,241,169,992,1.6964603436644783,0.8158249749565099
1344,4,12,130,7,11,167,162,104,597,1.5844565081375308,0.7619625155980865
1345,11,14,204,33,95,156,167,71,751,1.7727292753799533,0.8525025781431148
1346,9,11,227,24,17,147,268,109,812,1.594342135557302,0.7667164974829465
1347,7,20,305,16,20,252,250,140,1010,1.5829348453893777,0.7612307504978645
1351,11,25,534,30,20,281,338,168,1407,1.537826420409367,0.7395381834908734
1352,9,15,226,46,23,237,321,189,1066,1.6499766768899566,0.7934710564438641
1353,12,15,282,48,28,254,323,132,1094,1.6431432776509858,0.7901848860457048
1354,9,13,165,33,14,163,122,74,593,1.6924379314333113,0.813890603563738
1361,16,17,289,50,22,336,375,190,1295,1.6312786175995777,0.7844791906397048
1362,12,23,266,35,29,260,328,174,1127,1.6565999303673185,0.7966561680926442
1363,9,8,210,47,20,206,250,104,854,1.643257784563156,0.7902399522304833
1364,9,10,163,14,9,150,184,91,630,1.6021711411702872,0.7704814533405949
1365,2,3,230,51,16,141,179,97,719,1.6120907488088334,0.7752517762564932
1367,7,22,358,104,28,319,288,198,1324,1.689712626157554,0.8125800087616567
1371,4,14,235,34,10,244,315,171,1027,1.578009107675948,0.7588619713739029
1372,9,6,219,39,24,288,212,129,926,1.6220954099799918,0.7800630012756281
1373,11,15,203,56,32,237,271,132,957,1.7012788710533893,0.818142196812633
1375,8,11,249,32,22,184,197,98,801,1.6353855896544263,0.7864542267119048
1377,3,7,281,30,9,169,191,114,804,1.548841130703913,0.7448351394637968
1381,2,7,69,10,14,71,117,65,355,1.6515728262338405,0.7942386420248438
1383,14,15,297,49,25,336,346,144,1226,1.6197932158915664,0.7789558799441164
1385,7,16,363,45,16,359,268,150,1224,1.5744180305628717,0.7571350283264079
1391,4,9,87,11,10,128,179,92,520,1.5829376846333678,0.7612321158856059
1393,8,10,199,37,34,179,266,113,846,1.6643063987501237,0.8003621959988577
1394,4,9,137,27,8,186,160,93,624,1.6115844103472567,0.7750082789273173
1395,9,19,216,23,16,244,276,121,924,1.605673515030369,0.7721657391403546
1400,0,1,2,0,0,1,1,0,5,1.3321790402101223,0.6406426982957876
1401,7,7,178,14,10,162,31,18,427,1.391107739523387,0.6689814123842155
1402,11,6,162,10,13,137,42,15,396,1.4629079801342157,0.7035100294055078
1403,9,3,139,3,10,125,45,21,355,1.4381504008619364,0.6916041504586635
1405,1,0,32,2,1,33,16,2,87,1.3231229842170966,0.6362876559387373
1406,34,9,430,45,26,549,154,72,1319,1.4606974267685222,0.7024469779460724
1407,25,11,502,39,36,580,161,67,1421,1.4245993103586247,0.6850874534360751
1408,0,0,4,1,0,6,4,6,21,1.492547746309338,0.7177637439634935
1409,23,7,365,16,24,350,157,78,1020,1.4924937224133779,0.7177377639612299
1411,1,9,57,2,6,10,81,34,200,1.4921259418758315,0.7175608989086787
1412,11,26,683,65,42,426,450,347,2050,1.598732186286803,0.768827665621847
1413,14,17,411,34,15,286,121,81,979,1.5002957416978695,0.7214897421381152
1414,7,6,403,43,37,298,191,97,1082,1.550389029908947,0.7455795216327629
1415,19,10,403,27,23,316,142,82,1022,1.5072677019812473,0.7248425463134832
1416,7,1,144,13,5,145,26,14,355,1.3257805425862406,0.6375656713654162
1424,13,0,169,6,6,127,26,11,358,1.2769088074361257,0.614063334718513
1425,7,3,163,9,12,170,41,21,426,1.392304248006486,0.669556811335865
1426,5,3,36,3,4,46,20,5,122,1.5804959480543435,0.7600578888010341
1427,13,3,230,9,8,171,78,32,544,1.420713440554218,0.6832187450706226
1428,14,4,293,19,25,326,67,20,768,1.3425444362430075,0.6456274001136187
1431,20,22,803,74,55,411,463,297,2145,1.5897673538547106,0.7645164925244536
1432,10,6,308,34,13,270,75,63,779,1.4612321426710433,0.7027041219396896
1433,8,7,166,22,20,192,57,24,496,1.5232477385934173,0.7325273195046839
1434,14,9,180,23,13,219,86,24,568,1.524394950727817,0.7330790119237325
1435,17,7,352,13,30,307,72,48,846,1.4059516262708311,0.6761198129835672
1436,2,0,45,1,3,60,22,9,142,1.3683582395025031,0.658041215429938
1437,9,12,238,12,21,241,81,38,652,1.4773407446164402,0.7104507219871157
1438,34,4,231,27,26,270,91,27,710,1.5407751514616284,0.7409562233795443
1441,16,15,500,39,34,376,171,111,1262,1.5251050064595615,0.73342047655138
1443,21,12,285,10,22,272,106,61,789,1.5179043892958122,0.7299577116602196
1444,69,19,541,19,31,451,148,89,1367,1.5067064725985073,0.7245726520310565
1445,20,17,240,33,16,320,120,58,824,1.5696969796596068,0.7548646827510996
1446,13,5,213,17,17,185,83,34,567,1.521837483398393,0.7318491301126007
1449,9,0,122,10,11,164,46,18,380,1.4144065747520007,0.6801857837318188
1451,0,0,12,1,0,2,12,2,29,1.215214853532964,0.5843948142688719
1452,16,8,374,27,21,225,110,81,862,1.5142239493664231,0.7281877941820799
1453,22,6,438,25,27,386,100,45,1049,1.38553072108471,0.6662994334360737
1454,24,11,449,22,25,340,176,71,1118,1.484703442172011,0.713991431070778
1455,21,9,212,11,17,240,77,29,616,1.486029925184751,0.7146293345588793
1456,13,18,169,15,13,152,78,28,486,1.6120442932214991,0.775229435841337
1457,12,25,198,30,14,170,62,25,536,1.6091521958577375,0.7738386309998481
1458,12,8,136,33,15,152,80,52,488,1.7021235565812134,0.8185484046866672
1459,2,2,49,11,2,65,34,17,182,1.5741661215785314,0.7570138857122535
1462,0,1,7,2,1,12,11,8,42,1.6462666293266102,0.7916869007034967
1463,12,12,335,24,21,330,66,45,845,1.4031267434965422,0.6747613315270474
1464,40,10,568,21,26,483,99,39,1286,1.323914541511845,0.6366683145333082
1465,11,12,182,30,8,188,45,41,517,1.5478421889840779,0.7443547500420157
1466,22,5,185,20,8,157,33,21,451,1.4739586008323187,0.7088242546321405
1467,25,6,234,11,16,255,62,22,631,1.4149551004976768,0.6804495688561811
1468,4,11,126,19,14,48,101,55,378,1.6848073309310805,0.8102210603958803
1469,34,9,1035,37,33,547,225,105,2025,1.327095792421867,0.6381981728372123
1471,1,2,24,7,1,34,5,4,78,1.4750475167350108,0.7093479124897268
1472,15,9,191,12,19,200,51,27,524,1.4933287161306823,0.718139311059606
1473,9,4,218,15,13,172,48,25,504,1.4115369602355397,0.6788057908544317
1474,19,5,159,16,20,137,53,27,436,1.6105004612731206,0.7744870096093731
1475,11,6,115,16,3,163,21,6,341,1.3291884399262517,0.6392045235628471
1476,6,2,98,8,15,104,15,9,257,1.4162652788273677,0.6810796314491562
1477,14,6,148,10,5,162,32,14,391,1.389682561900882,0.6682960468214242
1479,15,6,191,5,13,214,44,27,515,1.3902681195235906,0.6685776405142363
1483,49,31,426,31,43,667,166,51,1464,1.4617397105506813,0.7029482104939789
1484,0,1,26,2,3,15,17,21,85,1.594263112097805,0.766678495231903
1485,22,2,198,4,7,154,79,24,490,1.4336237136652195,0.6894272740685439
1486,0,1,17,0,1,21,11,4,55,1.3887582127523037,0.6678515288438562
1487,26,7,325,7,10,165,101,51,692,1.447312010637985,0.6960099534554853
1488,513,21,426,31,37,679,218,88,2013,1.6065008909369187,0.7725636228461314
1489,10,7,111,6,5,143,76,28,386,1.5249382425985893,0.7333402800863054
1491,0,1,26,3,4,31,17,15,97,1.5974892516624468,0.7682299404156111
1492,0,1,6,3,1,3,8,7,29,1.725946384324306,0.8300047631683044
1493,1,0,33,1,5,45,25,9,119,1.4599750229606072,0.7020995751490062
1494,28,93,2258,497,43,379,534,178,4010,1.3824678538840875,0.6648265056623271
1495,199,19,87,4,1,237,26,15,588,1.4028277966301193,0.6746175684731548
1496,180,16,217,17,17,395,131,55,1028,1.620609080455436,0.779348227864227
1497,180,3,135,6,7,221,48,17,617,1.479020846624766,0.7112586802656488
1498,0,3,16,1,1,19,3,0,43,1.2752132809957129,0.6132479588560864
1499,29,5,81,15,2,213,33,13,391,1.3796013707030121,0.6634480186389508
1501,8,7,275,24,12,141,78,36,581,1.463604041240088,0.703844764040707
1502,7,13,163,19,12,94,48,41,397,1.6309034630163,0.784298779420751
1503,14,7,334,19,21,248,203,65,911,1.51419724144636,0.7281749503874707
1504,20,6,264,30,21,190,152,70,753,1.6218796527909776,0.7799592440000858
1505,18,11,364,54,27,288,181,68,1011,1.5891725817805935,0.764230467617191
1506,15,9,314,28,18,169,141,56,750,1.5518314575153203,0.7462731826842816
1508,2,4,36,9,9,48,25,19,152,1.7493931476126086,0.8412802728752816
1509,4,3,58,20,6,56,33,24,204,1.729445251949426,0.8316873628254671
1511,12,4,155,7,4,85,61,54,382,1.5473700853526346,0.7441277161860594
1512,13,10,205,34,11,181,125,46,625,1.6146396046188878,0.7764775168021955
1513,19,9,253,16,15,220,141,72,745,1.57587785551967,0.7578370557349875
1514,10,9,157,26,20,132,122,58,534,1.6972821032376486,0.8162201577768485
1515,20,6,258,22,25,133,181,91,736,1.6370504766127696,0.7872548680980523
1516,27,8,218,26,17,128,101,52,577,1.6698528252775908,0.8030294633474684
1517,9,8,156,26,14,140,108,29,490,1.6209419339048954,0.7795082965378529
1519,10,9,235,48,18,149,170,76,715,1.6611534855447314,0.7988459652502669
1521,7,7,164,26,19,126,129,79,557,1.68028626752854,0.8080468884790836
1522,15,10,311,60,20,174,151,75,816,1.6389805255814767,0.7881830254566612
1523,18,12,251,31,21,225,88,28,674,1.5502437753813298,0.7455096689705429
1524,6,6,191,3,9,64,69,30,378,1.4160741319905725,0.6809877092513142
1525,34,11,509,35,25,309,217,82,1222,1.524046608969565,0.7329114949480109
1526,71,20,445,94,42,295,289,112,1368,1.735734687088883,0.8347119417873629
1527,18,8,488,46,23,160,125,41,909,1.4156525797970048,0.6807849854982688
1529,26,7,193,25,13,141,151,56,612,1.664033884893311,0.8002311445355921
1531,17,2,164,25,10,207,53,37,515,1.5114892573299117,0.7268726853022687
1532,21,22,370,43,30,327,163,73,1049,1.5976294611173083,0.7682973669106826
1533,2,3,97,11,7,77,50,15,262,1.5258932214832506,0.7337995278533235
1535,10,16,336,44,27,259,168,53,913,1.5725973839398488,0.7562594823749924
1537,0,0,0,0,0,0,0,1,1,-0,-0
1538,24,8,303,48,26,195,232,101,937,1.6637044357168136,0.8000727129712061
1539,11,16,248,56,23,157,125,68,704,1.6989644487609965,0.817029194958047
1541,4,0,152,13,10,107,43,12,341,1.3829429486918534,0.6650549779700324
1542,0,0,0,0,0,0,1,1,2,0.6931471805599453,0.33333333333333337
1543,16,10,339,49,34,316,164,83,1011,1.6022232472738143,0.7705065110796478
1544,10,2,192,8,17,164,51,23,467,1.418986678865325,0.6823883482288349
1545,28,14,361,41,38,394,114,39,1029,1.5096119425963592,0.725969887750174
1546,10,5,144,20,9,169,48,19,424,1.4857459687982284,0.7144927804019909
1547,6,10,213,66,40,140,150,77,702,1.7423916932819472,0.8379132850613298
1548,34,14,796,132,70,589,441,161,2237,1.5993476230395751,0.7691236281389154
1549,27,15,672,226,63,357,402,130,1892,1.6615286274618168,0.7990263703780698
1551,3,2,33,7,3,28,15,5,96,1.658579883879097,0.7976083244635221
1553,12,4,160,18,8,237,56,18,513,1.3875843609071379,0.6672870254319365
1555,41,28,850,112,83,758,413,198,2483,1.6009265888102204,0.76988295016793
1557,35,10,405,57,36,445,212,68,1268,1.5658083045100843,0.7529946252998183
1558,0,0,0,0,0,0,1,0,1,-0,-0
1559,5,1,99,15,10,83,24,9,246,1.4832878682760098,0.7133106839241872
1562,12,3,184,20,13,173,38,12,455,1.404938115881131,0.6756324175125306
1563,8,4,197,26,25,193,62,18,533,1.4909745575183115,0.7170072000744283
1565,3,4,83,4,5,74,27,14,214,1.4704976661522688,0.7071598968655577
1566,22,5,231,24,23,225,78,31,639,1.5357452120017425,0.7385373338079613
1567,9,3,198,13,7,142,77,27,476,1.4504987410504009,0.6975424468430328
1569,11,7,192,29,12,149,53,25,478,1.5390811174989707,0.7401415652472031
1581,13,11,280,32,12,333,47,26,754,1.3495785700575076,0.6490101034373282
1583,25,6,297,36,30,262,115,31,802,1.5445518011558157,0.7427724079745373
1585,28,9,571,35,37,509,265,105,1559,1.4922184629053812,0.7176053921188484
1586,2,14,122,39,17,72,82,40,388,1.7540638125856833,0.8435263879400512
1587,1,2,45,7,4,13,25,9,106,1.5932134964386522,0.7661737367964699
1588,0,0,51,13,5,48,11,3,131,1.3835563165715619,0.6653499455694644
1589,6,4,127,16,10,107,73,36,379,1.607463194524267,0.7730263930505638
1591,26,8,687,47,31,278,204,69,1350,1.416749694495,0.6813125861429635
1595,22,3,308,22,16,153,78,32,634,1.4537560571661066,0.6991088847786116
1596,7,8,312,29,17,201,59,37,670,1.420661201384869,0.6831936233404359
1599,28,9,456,39,24,279,108,63,1006,1.4844317719647124,0.7138607853171691
1600,0,1,0,0,0,0,0,0,1,-0,-0
1601,7,12,164,47,28,102,150,74,584,1.7535990195819382,0.8433028697528703
1602,31,24,314,78,30,234,222,124,1057,1.7564256181515931,0.8446621763325453
1603,0,1,13,3,1,9,1,0,28,1.317375949138408,0.6335239162694576
1605,13,11,93,12,10,99,79,26,343,1.700962433360666,0.8179900224492856
1606,5,7,108,19,14,112,70,36,371,1.6706411497592542,0.8034085672875707
1608,4,1,56,12,3,50,40,11,177,1.5964165957045917,0.7677141019386187
1611,10,4,100,12,14,99,91,44,374,1.6788997719223926,0.8073801250340159
1612,19,21,416,58,27,253,243,124,1161,1.643071386888512,0.7901503138968693
1613,11,6,193,24,27,158,121,88,628,1.6777729538968462,0.8068382401082026
1614,0,1,8,0,0,12,3,1,25,1.2288658649922397,0.5909595631140103
1615,1,2,39,7,6,43,49,30,177,1.6557890125114554,0.7962661990362369
1617,14,9,166,29,16,189,100,57,580,1.657879962135429,0.7972717332539887
1618,8,1,72,10,10,75,33,19,228,1.6322057455761292,0.7849250449510516
1619,10,5,91,11,5,62,31,16,231,1.6212807065574273,0.7796712117464517
1621,10,17,190,71,26,138,200,123,775,1.7663998160372318,0.8494587516080306
1622,14,17,187,73,23,174,187,96,771,1.767378377737612,0.8499293403121447
1623,6,10,235,74,12,106,180,94,717,1.6640225812784935,0.8002257086459116
1633,11,10,163,15,16,186,135,59,595,1.6163902461760915,0.7773193974331793
1634,0,4,53,0,4,22,18,19,120,1.4750768050537302,0.7093619971937843
1635,0,3,18,2,1,17,14,4,59,1.5798182951378543,0.7597320066336798
1636,7,9,117,3,2,58,30,13,239,1.434041662615896,0.6896282650280391
1637,21,10,206,40,19,144,80,58,578,1.7060725327103483,0.8204474607793645
1638,12,9,203,46,23,159,93,33,578,1.6549357086576766,0.7958558466234975
1639,1,1,28,2,0,16,4,3,55,1.318415830462544,0.6340239934792722
1641,13,14,203,54,32,120,142,76,654,1.7697391089707395,0.8510646120597797
1642,8,4,72,35,8,89,77,36,329,1.7409157416287264,0.8372035023510985
1643,6,4,115,24,15,112,120,48,444,1.664190541691278,0.8003064805307748
1645,7,10,112,38,21,90,69,29,376,1.7751472842496943,0.853665394611515
1646,0,0,0,0,0,1,0,0,1,-0,-0
1651,10,17,404,45,29,243,179,79,1006,1.5725287523429687,0.7562264775535034
1653,10,23,176,50,14,170,162,50,655,1.7051347092434284,0.8199964630243796
1654,14,23,241,36,23,294,174,77,882,1.6403061484708998,0.788820515312881
1655,7,1,103,15,7,59,25,21,238,1.563774216128221,0.7520164355594036
1656,25,8,379,45,11,285,88,34,875,1.4371134593754125,0.6911054870118969
1657,10,10,248,33,18,203,158,53,733,1.5907476494155361,0.7649879150391898
1658,20,3,163,40,7,95,47,25,400,1.6196759174063315,0.7788994712964656
1659,15,3,164,38,5,69,53,32,379,1.6102208573184589,0.774352548529772
1661,2,1,53,10,2,50,12,10,140,1.4797153364004012,0.7115926592507344
1663,17,22,337,59,37,293,214,111,1090,1.6846839162211673,0.810161710465892
1664,5,3,129,6,3,132,50,24,352,1.4070700498783182,0.676657661047612
1665,7,1,125,10,3,114,27,9,296,1.3249151445361047,0.6371495028736409
1666,0,0,1,0,0,0,0,0,1,-0,-0
1667,11,5,100,16,2,71,46,25,276,1.6351528903227481,0.7863423219879614
1668,11,3,212,21,13,160,69,41,530,1.520073418006649,0.7310007939817764
1669,4,3,113,0,0,43,17,9,189,1.1533497090025884,0.5546439685295879
1671,0,0,0,0,0,1,0,1,2,0.6931471805599453,0.33333333333333337
1672,4,4,61,18,14,98,45,27,271,1.689051015744007,0.8122618414074485
1673,0,1,29,2,2,17,8,3,62,1.409067226331443,0.6776180999025132
1675,17,16,358,26,13,283,146,77,936,1.5258539770577326,0.7337806552739644
1676,7,9,181,17,6,181,88,38,527,1.511220633995535,0.7267435047848112
1677,14,6,172,25,6,133,33,27,416,1.5136717005425775,0.7279222186355803
1678,3,2,25,7,4,37,9,13,100,1.6947311765125088,0.8149934213315051
1679,1,1,13,1,0,72,5,0,93,0.7765619471497456,0.3734473566986718
1681,33,9,350,25,46,175,181,75,894,1.6384318475842672,0.7879191671147882
1682,3,4,62,10,10,126,38,9,262,1.4532686885524124,0.6988745100179243
1683,0,1,0,0,0,0,1,0,2,0.6931471805599453,0.33333333333333337
1684,26,24,489,39,41,358,292,157,1426,1.6238783001064097,0.7809203901902391
1685,16,12,197,60,16,215,133,74,723,1.7029141264438432,0.8189285884267646
1686,0,0,0,0,0,0,1,0,1,-0,-0
1687,10,10,270,38,20,192,208,104,852,1.6320557335804478,0.7848529044303039
1689,3,3,149,8,2,47,44,18,274,1.3441884245364355,0.6464179913663548
1691,4,1,69,5,4,58,32,13,186,1.5104537790001686,0.7263747254851792
1693,8,6,147,5,7,136,89,41,439,1.5229632032528957,0.7323904869297744
1695,9,6,152,66,10,126,136,59,564,1.704263870274407,0.8195776780037063
1698,8,9,195,31,15,173,94,45,570,1.6059718148178441,0.7723091910150509
1699,19,4,54,2,2,93,28,8,210,1.4845539270653272,0.7139195295031279
1700,0,0,0,0,1,0,0,0,1,-0,-0
1701,52,15,651,38,37,207,207,49,1256,1.455852780692739,0.7001171956566075
1703,2,0,65,6,0,27,10,7,117,1.2655342674887888,0.6085933372603742
1705,8,2,123,15,6,89,34,15,292,1.4942282543336567,0.7185718974944465
1707,2,3,118,12,4,40,15,7,201,1.2994030355193444,0.6248807718199413
1708,29,9,252,15,15,175,70,21,586,1.4974641241779667,0.7201280219535625
1709,1,3,56,6,6,64,31,4,171,1.4669036541842537,0.705431542451174
1712,10,3,158,26,10,83,36,11,337,1.499325173186118,0.7210229973451996
1713,8,2,73,19,4,45,18,14,183,1.6412446761013004,0.7892718516989198
1714,9,2,144,12,8,66,23,5,269,1.3569804787495356,0.6525696690916956
1715,8,3,185,19,11,78,35,20,359,1.4482429969872344,0.6964576632518844
1716,7,1,124,11,11,95,39,21,309,1.5148229556250095,0.7284758553016545
1717,3,8,85,17,12,68,55,22,270,1.706299678401428,0.8205566947667244
1718,7,2,101,7,9,121,45,15,307,1.4703576794494426,0.7070925774915717
1719,0,1,9,0,1,16,7,1,35,1.3336962959108518,0.6413723440541885
1721,10,7,168,26,15,92,66,26,410,1.6258237314813262,0.7818559449225664
1722,13,9,211,32,12,116,125,48,566,1.632132619637409,0.784889878808001
1723,21,18,330,39,24,156,119,48,755,1.6053597144563334,0.7720148329630249
1725,8,5,81,20,8,24,20,10,176,1.6682279180042527,0.802248048125752
1727,6,6,144,30,11,78,41,17,333,1.5864867293619815,0.762938845628894
1728,18,5,125,12,11,95,48,16,330,1.6093769000763023,0.7739466908871114
1729,19,5,459,27,3,112,61,14,700,1.1429503482627181,0.5496429331403124
1732,0,0,0,0,0,0,1,0,1,-0,-0
1735,33,4,333,30,32,213,136,40,821,1.563614071210546,0.7519394221332191
1736,0,0,0,0,0,0,1,0,1,-0,-0
1737,20,19,216,11,18,193,95,45,617,1.603248302708802,0.7709994585438789
1738,7,3,63,9,8,74,47,21,232,1.6633840329973617,0.7999186318330592
1739,3,2,26,6,2,37,11,9,96,1.6342927294176766,0.7859286720305902
1743,13,0,132,10,7,54,36,21,273,1.49640143294023,0.7196169754940029
1745,26,8,396,49,41,331,202,85,1138,1.603514140830743,0.77112729965728
1747,17,5,208,27,13,239,135,51,695,1.5649741976685665,0.7525935046985418
1749,8,8,157,35,12,151,80,25,476,1.606592224376764,0.7726075449463755
1751,20,9,243,28,18,170,136,46,670,1.615999625335696,0.7771315485167439
1752,37,14,294,46,45,304,188,70,998,1.686552163644969,0.8110601475637161
1753,12,1,140,34,9,100,48,28,372,1.615247372006943,0.7767697911344491
1754,27,6,148,32,12,107,99,40,471,1.7333873381418374,0.8335831055589833
1755,5,0,41,11,8,56,13,7,141,1.5749908690815482,0.7574105054231162
1756,16,4,217,7,12,176,105,31,568,1.472562973665283,0.7081530998345363
1757,10,2,189,23,8,123,79,31,465,1.5239881801424455,0.7328833966216342
1758,12,1,80,18,7,118,43,7,286,1.515002877386134,0.728562379379162
1759,6,5,56,15,8,116,38,13,257,1.5628394923130409,0.7515669284218165
1761,27,11,410,46,15,154,129,60,852,1.5281096362401887,0.7348653980461194
1762,27,6,272,51,21,176,131,78,762,1.6786582175777447,0.807263961948973
1763,5,2,57,13,4,24,23,10,138,1.6649896626499519,0.8006907764788246
1764,29,11,1341,31,37,461,371,122,2403,1.2803724541450134,0.6157289966952809
1765,7,2,44,6,8,18,14,11,110,1.7527672684901956,0.8429028820277665
1766,4,2,61,14,5,40,54,6,186,1.5891894522543186,0.764238580600118
1767,37,7,361,36,41,295,195,59,1031,1.6028424214376147,0.7708042709115016
1768,9,1,86,19,3,62,32,24,236,1.628457911658102,0.7831227178151805
1771,17,0,135,3,15,71,53,20,314,1.522374833105843,0.7321075406986545
1772,10,4,83,14,9,73,40,28,261,1.7096657472250958,0.82217543169979
1773,1,0,10,0,4,5,1,0,21,1.3007977740762553,0.6255514992864053
1774,2,0,8,0,9,17,4,2,42,1.5259327957800426,0.733818559067233
1775,9,6,85,17,14,48,45,26,250,1.7810995785484776,0.8565278431004372
1776,7,5,115,9,10,91,40,23,300,1.5694611822653375,0.7547512881739774
1777,16,3,119,9,7,178,59,20,411,1.4623494895448126,0.7032414522042695
1778,1,0,27,2,1,5,8,4,48,1.3586637383386089,0.6533791458455904
1779,6,5,107,18,14,138,57,31,376,1.6087581325414624,0.7736491266024526
1781,30,19,431,36,24,299,244,122,1205,1.6091020115062271,0.7738144974281632
1782,15,7,419,40,17,208,136,75,917,1.497257485261907,0.7200286496404111
1783,13,7,173,11,8,135,52,19,418,1.4777813178541623,0.7106625929288524
1784,0,0,1,0,0,0,0,0,1,-0,-0
1785,36,11,489,34,40,338,246,90,1284,1.5670936119895742,0.7536127275420441
1787,28,9,202,26,19,198,109,37,628,1.6367449006130605,0.7871079171049207
1788,11,2,269,5,4,86,41,21,439,1.1970320693705772,0.5756507434219952
1791,15,13,247,48,31,218,217,64,853,1.6673041753761082,0.801803821822858
1792,23,8,190,16,15,171,97,52,572,1.630424389936287,0.7840683939684983
1793,15,12,286,50,22,155,195,72,807,1.6505192784740046,0.7937319926486922
1794,66,14,463,60,42,359,277,134,1415,1.6830469590482788,0.8093745004674008
1795,18,4,291,41,26,280,182,75,917,1.593018247602659,0.7660798419539945
1796,12,5,219,23,13,170,78,41,561,1.5370311295547465,0.7391557294335316
1797,17,5,217,32,10,163,108,41,593,1.586228375482157,0.7628146036751549
1798,6,11,134,31,9,161,64,22,438,1.5800633929882304,0.7598498737847699
1799,8,11,127,18,8,152,86,28,438,1.591598368775138,0.7653970245729518
1801,9,42,527,40,49,407,605,394,2073,1.6100957454003793,0.7742923824151822
1802,12,28,544,63,76,564,690,450,2427,1.6253335664916229,0.7816202253892789
1803,6,3,114,18,6,141,143,77,508,1.5874003266944925,0.7633781930758883
1804,10,10,456,40,26,196,383,193,1314,1.5503280090327076,0.7455501767942492
1805,4,7,93,17,14,151,130,92,508,1.6395306329692698,0.788447571190103
1806,9,12,179,23,17,222,231,147,840,1.6279216368171714,0.7828648241306592
1821,16,36,426,45,55,426,537,325,1866,1.647963033820132,0.792502698820212
1822,16,47,674,118,76,670,773,507,2881,1.6605443068246957,0.7985530122107967
1823,14,24,491,58,37,432,515,371,1942,1.6203919846595911,0.7792438268548725
1824,11,17,454,63,40,466,438,267,1756,1.6167345209330832,0.7774849585947178
1826,8,10,462,59,31,248,422,234,1474,1.5859736154640485,0.7626920900035743
1827,7,20,394,71,30,250,344,255,1371,1.6540231550436706,0.7954170010990069
1829,5,19,447,27,25,210,296,183,1212,1.5539300883594656,0.7472824107881166
1831,10,13,340,20,22,277,293,180,1155,1.5773924724576214,0.7585654325167305
1832,11,20,279,54,82,221,325,213,1205,1.74249370901284,0.8379623442576803
1834,6,18,345,53,26,308,286,189,1231,1.6345824262358342,0.7860679867515626
1835,7,7,92,5,6,116,68,44,345,1.5916824820587743,0.76543747451201
1836,4,14,337,21,15,140,179,133,843,1.5421815674195836,0.7416325664888673
1837,11,16,330,64,33,272,458,278,1462,1.6368390066881027,0.7871531725608476
1838,3,7,132,7,8,77,178,86,498,1.5286556553777757,0.7351279777467952
1839,3,5,109,16,12,114,138,87,484,1.6256760576751865,0.7817849288333041
1841,50,20,412,46,50,550,483,263,1874,1.6506780202231666,0.7938083312934582
1842,21,39,591,92,51,541,685,403,2423,1.6475046153415822,0.79228224613166
1844,33,29,464,87,39,413,508,359,1932,1.6873064391601154,0.8114228774121047
1846,6,13,454,71,31,206,476,253,1510,1.5827498099314963,0.7611417672520397
1849,10,15,476,39,37,321,425,275,1598,1.5916201922189352,0.7654075194309989
1851,6,1,209,12,13,216,109,78,644,1.4945590046369404,0.7187309547685531
1861,4,7,242,40,23,235,263,130,944,1.608156242210577,0.7733596785372768
1862,10,24,442,47,37,378,415,252,1605,1.6209035011855084,0.7794898143066304
1863,10,14,438,43,33,260,332,207,1337,1.605022982679432,0.7718528992081432
1864,10,7,179,16,12,197,160,126,707,1.6083290451797445,0.7734427791994998
1871,5,3,201,22,8,247,165,93,744,1.522286391742595,0.7320650093932654
1881,16,2,272,20,14,367,177,85,953,1.4782308724491309,0.7108787829904424
1891,6,3,173,20,10,138,109,59,518,1.5773903526154347,0.758564413088127
1901,7,3,111,27,13,184,51,19,415,1.5029227984057976,0.7227530893663359
1902,16,17,219,56,24,252,160,73,817,1.6957575507495397,0.8154870030054586
1903,0,2,7,1,1,4,9,6,30,1.6985833529827905,0.8168459266282733
1904,8,6,133,30,18,121,74,29,419,1.6743668906185154,0.805200269908002
1905,11,7,125,11,6,84,56,28,328,1.6113828977377422,0.7749113718465095
1906,5,6,93,28,10,76,74,30,322,1.7176274813693393,0.8260042164887155
1907,6,7,169,23,16,126,69,35,451,1.6020113562472715,0.7704046130352471
1908,11,7,132,22,23,121,73,28,417,1.6890975041207015,0.8122841975909539
1909,17,6,87,20,11,77,59,15,292,1.740421051758559,0.8369656068102758
1911,0,1,41,1,2,50,17,13,125,1.3822907943954255,0.6647413580469154
1912,8,7,121,7,14,151,58,21,387,1.518720160174562,0.730350014527311
1913,15,9,188,64,21,187,121,74,679,1.7312851393143331,0.832572161617849
1915,5,8,143,48,13,106,111,41,475,1.6941140771930003,0.8146966592888415
1916,9,6,150,35,35,138,114,71,558,1.7481346982797128,0.8406750866713554
1917,10,15,187,26,10,189,158,76,671,1.6364647984574126,0.7869732164412887
1918,12,14,290,62,31,265,229,103,1006,1.671495885673424,0.8038196083757849
1919,7,1,100,3,2,57,28,13,211,1.3901495502163717,0.6685206207303942
1921,19,19,195,34,25,254,202,79,827,1.6822168986155217,0.8089753257774085
1924,14,18,256,94,24,254,199,83,942,1.7115973596132597,0.8231043409042312
1925,9,12,142,47,18,150,108,52,538,1.7357486863598273,0.8347186740136185
1931,1,1,29,9,4,33,39,17,133,1.661777261405821,0.7991459380307403
1934,2,8,26,18,3,23,37,9,126,1.7922325726539772,0.8618816815625207
1935,7,4,111,18,4,75,50,14,283,1.5611506738927408,0.7507547784351736
1936,5,4,51,6,5,45,35,16,167,1.6867864207954386,0.8111728014401413
1941,8,4,53,1,6,55,42,18,187,1.6334140777670607,0.7855061299042527
1942,0,0,0,0,0,2,0,0,2,-0,-0
1943,11,5,93,11,13,81,69,28,311,1.697727199302798,0.8164342037388186
1944,10,8,170,29,18,102,87,46,470,1.6871494483421785,0.8113473807872705
1945,3,2,54,1,4,54,26,12,156,1.4885292413100504,0.7158312515520736
1951,4,5,104,5,4,73,67,29,291,1.5400898950180977,0.7406266846886047
1952,8,9,86,18,10,115,57,24,327,1.6709039857717742,0.803534964691514
1954,14,11,376,77,18,214,102,42,854,1.5316676155772888,0.7365764244278593
1955,6,2,61,3,7,82,22,10,193,1.4689226864181295,0.7064024917149099
1956,7,4,52,2,1,76,20,14,176,1.4658550282047682,0.704927259951057
1958,15,13,183,39,22,212,113,43,640,1.6650531489689728,0.8007213069446966
1959,10,12,156,41,19,139,111,64,552,1.7417340796408316,0.837597039748377
1961,14,18,215,31,44,233,211,66,832,1.6848061711653946,0.810220502666479
1962,20,19,295,26,35,387,149,66,997,1.5580306324509856,0.7492543556633775
1963,9,9,146,20,13,151,101,35,484,1.6188840678908072,0.7785186721734065
1964,12,10,141,31,15,223,140,73,645,1.6498285880654897,0.7933998407729742
1966,7,4,160,45,20,219,121,51,627,1.6188902590508103,0.7785216494920179
1967,12,18,159,31,18,206,117,51,612,1.6756839443020222,0.8058336388472619
1969,13,8,142,21,13,125,104,53,479,1.6874250836514948,0.8114799333518853
1971,3,10,142,26,16,113,151,72,533,1.6653036024727434,0.8008417496206509
1972,9,6,248,41,30,144,156,48,682,1.6256211768485915,0.7817585367345146
1974,19,14,272,62,26,202,233,82,910,1.6903949731986299,0.8129081483257652
1975,2,2,142,6,7,53,45,16,273,1.3715279791624773,0.6595655379927226
1977,12,8,185,23,14,206,94,65,607,1.6025472717866494,0.7706623339322457
1979,4,0,63,10,3,54,32,20,186,1.5746300829700142,0.7572370039784722
1981,29,23,255,44,40,306,269,98,1064,1.7042165276756713,0.8195549110262333
1982,10,16,174,33,20,155,158,90,656,1.7194442245857864,0.8268778852983611
1983,30,23,282,35,42,261,293,119,1085,1.7064454180719701,0.8206267807333751
1984,16,19,322,50,43,297,348,166,1261,1.6731742184989131,0.8046267158572163
1985,41,19,760,92,56,404,536,224,2132,1.6160243757887423,0.7771434509687004
1987,12,14,206,23,13,213,91,64,636,1.599253837679346,0.769078526914212
1988,9,8,155,30,13,169,106,43,533,1.6321222843506207,0.7848849085856691
1989,1,3,62,10,5,36,19,8,144,1.5542732721250838,0.7474474472937069
1991,13,12,153,19,23,199,187,77,683,1.65542762685813,0.7960924092729366
1993,21,9,112,34,13,168,80,35,472,1.7051829539690184,0.8200196638331656
1994,15,11,187,30,39,177,200,63,722,1.6969985436630677,0.816083794446167
1995,9,13,272,34,22,149,126,72,697,1.6275943101618364,0.7827074132831917
1996,0,0,0,0,0,1,0,0,1,-0,-0
1998,22,15,506,36,25,275,166,75,1120,1.498098739024216,0.720433207184082
1999,17,13,326,52,19,385,143,62,1017,1.5293180730469296,0.7354465333088903
2001,20,3,291,21,9,306,73,40,763,1.381644264524267,0.6644304429006131
2002,17,12,310,18,26,238,158,70,849,1.5700389001026576,0.7550291117269556
2004,9,11,229,12,22,269,133,78,763,1.5474636598162472,0.7441727159909286
2005,10,6,198,29,22,176,181,59,681,1.6219240567477737,0.7799805977895077
2011,13,12,319,34,20,335,129,44,906,1.4853925524477176,0.7143228230632406
2013,27,12,222,30,15,182,118,54,660,1.664463062791664,0.800437535477463
2014,14,2,242,45,21,220,160,76,780,1.6212780037423544,0.7796699119671511
2015,13,7,248,33,19,205,184,92,801,1.6266912765517578,0.7822731459128528
2016,16,8,160,16,19,104,140,52,515,1.6739886705104818,0.8050183844832605
2017,21,6,245,15,20,107,204,81,699,1.5941876039809593,0.7666421835033296
2019,26,15,622,48,39,475,379,163,1767,1.5554207078682574,0.7479992472458454
2021,11,3,219,21,13,247,96,45,655,1.4808873515078032,0.7121562793784997
2022,24,7,449,24,33,368,270,107,1282,1.532660945992389,0.737054115382469
2023,23,8,364,32,21,384,191,84,1107,1.5256022450349263,0.7336595977603192
2024,41,14,553,50,58,401,372,164,1653,1.6302574321361152,0.7839881042383832
2025,16,5,227,27,24,161,198,65,723,1.6240021712874149,0.7809799596364209
2026,23,5,347,22,18,230,264,126,1035,1.5681574734821133,0.7541243367752037
2027,44,15,574,56,40,448,450,212,1839,1.6190901588955458,0.7786177809969093
2029,43,20,883,242,65,471,605,283,2612,1.6723342177026914,0.8042227608628657
2031,26,6,375,39,25,277,163,77,988,1.5677310016024013,0.753919247153224
2033,41,11,595,29,33,475,400,177,1761,1.5490473747889233,0.7449343219033491
2034,27,7,286,38,22,257,177,94,908,1.639642398006043,0.7885013188115355
2035,12,9,211,21,31,151,190,80,705,1.6584382261716728,0.7975402015061872
2036,13,15,278,25,22,198,196,92,839,1.6255235929507228,0.7817116087993393
2038,11,13,223,28,29,148,224,83,759,1.6583078345528928,0.7974774963922581
2039,16,11,254,20,27,131,224,85,768,1.6247684649327239,0.7813484689837382
2041,8,8,244,17,7,212,91,25,612,1.411956938597348,0.6790077577543856
2042,16,8,224,32,17,290,117,36,740,1.5218929658421896,0.7318758115281079
2044,14,8,217,17,27,160,183,83,709,1.6410066834405694,0.7891574014217849
2045,10,4,167,19,20,116,127,57,520,1.6457189547708402,0.7914235249149532
2046,9,8,171,12,18,138,134,50,540,1.6075815744703013,0.7730833217709252
2049,21,11,233,25,19,133,205,108,755,1.6676135540093793,0.8019526014961837
2053,16,4,194,10,16,159,104,52,555,1.5735709148737633,0.7567276517918292
2054,8,8,171,9,10,131,90,51,478,1.5682441385734351,0.7541660138743598
2055,15,12,281,20,25,233,151,72,809,1.5897111400516013,0.7644894593994619
2056,14,10,296,37,27,176,202,103,865,1.6453156873205041,0.7912295942647026
2058,14,11,186,28,21,135,164,77,636,1.6979463052611303,0.8165395714319903
2062,16,13,387,38,12,293,233,86,1078,1.538410364759266,0.7398190013634581
2063,4,4,162,12,14,131,85,44,456,1.550503349772925,0.745634497866375
2064,3,3,134,27,9,89,85,27,377,1.5880371964837456,0.7636844627047709
2069,29,31,449,58,35,304,360,152,1418,1.6669427300209005,0.8016300033490212
2071,20,11,277,18,29,187,189,82,813,1.6280606435315226,0.7829316722298074
2073,4,2,74,5,8,62,89,39,283,1.5876204539106245,0.7634840518902477
2074,9,14,177,39,16,179,161,77,672,1.6869520462942398,0.8112524504687296
2076,17,8,290,44,21,191,231,130,932,1.6520676468980304,0.7944766004642959
2079,11,14,201,13,29,126,204,84,682,1.6471110831003208,0.7920929971273608
2081,8,5,228,16,24,191,244,88,804,1.5630978410894905,0.751691167921351
2083,50,1,94,4,13,86,63,36,347,1.7148624862259503,0.824674534894899
2088,64,16,195,24,13,161,171,87,731,1.759602157925512,0.846189769058885
2091,3,3,81,3,10,97,51,27,275,1.536329604494547,0.7388183671917286
2093,4,4,122,16,12,106,95,42,401,1.6166891222054698,0.7774631264216543
2097,10,8,98,12,5,155,87,37,412,1.5775206121019778,0.7586270546598819
2099,6,10,129,21,17,138,90,41,452,1.6667969153069948,0.801559881294141
2101,5,2,50,6,2,31,22,6,124,1.5752930212544183,0.7575558099035806
2102,9,2,70,13,7,35,28,8,172,1.6597262444793714,0.7981596073812176
2103,12,5,230,20,16,107,85,30,505,1.5264310253588382,0.7340581568480838
2104,9,4,97,21,10,86,76,32,335,1.6972913201635138,0.8162245901812611
2105,29,13,234,45,23,177,187,76,784,1.7224590348969877,0.8283277025934248
2106,6,1,62,24,0,26,15,7,141,1.5313214884987811,0.7364099724879658
2107,18,6,145,48,10,114,170,61,572,1.7039942296803385,0.8194480082877447
2111,19,8,164,17,22,80,51,12,373,1.6158689135743374,0.7770686894467779
2113,14,2,133,10,10,70,74,42,355,1.625135139623098,0.7815248022362122
2114,10,7,170,24,13,53,61,22,360,1.5845976399114325,0.7620303856348598
2115,11,11,170,24,17,105,163,69,570,1.67655247066602,0.8062513117400022
2118,14,6,147,33,14,143,100,41,498,1.6803134157991184,0.8080599440375277
2125,14,5,182,28,14,122,117,38,520,1.6310116384549391,0.7843508008103746
2126,24,9,283,28,21,205,147,70,787,1.6197507572384784,0.7789354616480321
2128,17,5,201,24,17,134,160,67,625,1.6430848163950642,0.7901567721243707
2129,21,7,149,17,23,143,86,48,494,1.7045524528856437,0.8197164569044123
2131,0,0,23,0,1,16,3,1,44,1.0620618296407323,0.5107437782467146
2132,16,3,91,9,7,28,37,7,198,1.5909492334702093,0.7650848564778563
2133,19,9,164,28,17,95,96,38,466,1.7180315262934902,0.8261985210248384
2134,33,7,289,28,15,169,153,77,771,1.6261464604433702,0.7820111447469305
2136,40,12,477,92,46,292,290,163,1412,1.697833000134665,0.8164850831839707
2137,31,10,236,33,21,145,186,66,728,1.6886582351321358,0.8120729538604805
2138,17,3,224,30,24,137,138,67,640,1.6525756863567702,0.7947209158001959
2139,27,12,249,21,32,222,163,71,797,1.6622640900096004,0.799380053101552
2141,21,6,220,30,13,123,74,33,520,1.5952747857326766,0.7671650074105788
2142,20,6,177,23,17,90,47,28,408,1.6329185649376314,0.7852678386036813
2143,33,7,861,55,21,179,166,64,1386,1.2634958415739932,0.6076130616075425
2144,25,5,201,32,16,104,97,41,521,1.6707818780113612,0.80347624327138
2145,18,6,163,18,16,116,82,82,501,1.6985121667402643,0.8168116932819158
2146,48,17,519,64,35,314,296,141,1434,1.6498429438783844,0.7934067444596645
2147,10,4,188,22,19,78,79,39,439,1.6087409506828365,0.7736408638750416
2148,17,7,194,28,14,127,87,49,523,1.6545260710233198,0.7956588525622815
2149,13,6,220,18,25,162,99,32,575,1.5661916646507665,0.7531789825577638
2155,36,6,433,52,30,308,182,57,1104,1.5552992647796382,0.7479408454652784
2156,51,12,2157,56,54,497,396,119,3342,1.1567108725812767,0.5562603465384512
2157,43,16,707,131,62,553,364,128,2004,1.6152299317780994,0.7767614041572276
2158,54,7,748,57,55,512,253,99,1785,1.5047715662760712,0.7236421587790688
2159,5,1,66,25,6,41,28,12,184,1.6760014326621038,0.8059863184748051
2161,18,8,150,26,13,75,40,25,355,1.6745091922161137,0.8052687025110572
2162,6,3,93,12,9,49,32,11,215,1.5885373814490515,0.7639250008277622
2169,2,2,92,12,4,50,27,18,207,1.5126384437564693,0.7274253271551525
2172,12,7,125,13,17,51,34,17,276,1.645500762621381,0.7913185966709579
2173,24,9,185,19,10,85,65,37,434,1.641365215181743,0.7893298187434491
2175,23,6,405,43,27,256,181,99,1040,1.5810426845142318,0.7603208134608188
2177,62,22,472,78,54,352,218,60,1318,1.668934034280057,0.8025876182755499
2183,18,9,255,30,22,183,89,39,645,1.5846514340787181,0.7620562551609836
2185,21,4,330,25,22,153,86,44,685,1.491622097316998,0.7173186008932093
2187,44,13,483,63,36,307,245,127,1318,1.6482233866302436,0.7926279020562217
2189,44,10,843,33,51,360,252,98,1691,1.4328142066751068,0.6890379834951437
2196,19,5,163,42,16,97,48,23,413,1.6716380606938401,0.8038879801080825
2197,7,3,75,13,8,38,16,4,164,1.5703325163914412,0.7551703113148731
2198,3,0,16,1,5,5,4,3,37,1.6489544030046102,0.7929794466222575
2199,0,0,1,0,0,0,0,0,1,-0,-0
